YEAR,STATE,SMOKE_EVERYDAY,SMOKE_SOME_DAYS,FORMER_SMOKER,NEVER_SMOKED,LOCATION_1
1996,Puerto Rico,0.094,0.051,0.16,0.695,"Puerto Rico
"
1997,Puerto Rico,0.094,0.05,0.157,0.6990000000000001,"Puerto Rico
"
1998,Puerto Rico,0.10099999999999999,0.052000000000000005,0.168,0.679,"Puerto Rico
"
1999,Puerto Rico,0.09699999999999999,0.04,0.153,0.71,"Puerto Rico
"
2000,Puerto Rico,0.092,0.039,0.152,0.716,"Puerto Rico
"
2001,Puerto Rico,0.08,0.045,0.17,0.705,"Puerto Rico
"
2001,Virgin Islands,0.069,0.027000000000000003,0.126,0.778,"Virgin Islands
"
2002,Puerto Rico,0.08800000000000001,0.044000000000000004,0.16899999999999998,0.698,"Puerto Rico
"
2002,Virgin Islands,0.07,0.024,0.121,0.785,"Virgin Islands
"
2003,Puerto Rico,0.08900000000000001,0.046,0.177,0.688,"Puerto Rico
"
2003,Virgin Islands,0.079,0.02,0.136,0.764,"Virgin Islands
"
2004,Puerto Rico,0.08199999999999999,0.044000000000000004,0.152,0.722,"Puerto Rico
"
2004,Virgin Islands,0.059000000000000004,0.035,0.099,0.807,"Virgin Islands
"
2005,Puerto Rico,0.079,0.052000000000000005,0.16899999999999998,0.7,"Puerto Rico
"
2005,Virgin Islands,0.053,0.027999999999999997,0.128,0.7909999999999999,"Virgin Islands
"
2006,Puerto Rico,0.077,0.048,0.168,0.7070000000000001,"Puerto Rico
"
2006,Virgin Islands,0.057999999999999996,0.031,0.131,0.78,"Virgin Islands
"
2007,Puerto Rico,0.075,0.047,0.192,0.6859999999999999,"Puerto Rico
"
2007,Virgin Islands,0.055999999999999994,0.03,0.11900000000000001,0.795,"Virgin Islands
"
2008,Puerto Rico,0.075,0.040999999999999995,0.183,0.701,"Puerto Rico
"
2008,Virgin Islands,0.040999999999999995,0.023,0.115,0.821,"Virgin Islands
"
2009,Puerto Rico,0.069,0.037000000000000005,0.18,0.715,"Puerto Rico
"
2010,Puerto Rico,0.075,0.044000000000000004,0.17300000000000001,0.708,"Puerto Rico
"
1999,Louisiana,0.187,0.048,0.207,0.5579999999999999,"Louisiana
(31.31265999975932, -92.44567999993188)"
2010,Nevada,0.165,0.049,0.258,0.528,"Nevada
(39.49323999972637, -117.07183999971608)"
1996,Nebraska,0.195,0.026000000000000002,0.23600000000000002,0.5429999999999999,"Nebraska
(41.6410400000961, -99.36572999973953)"
2003,Vermont,0.154,0.042,0.304,0.501,"Vermont
(43.625379999687425, -72.51764000028561)"
2001,Tennessee,0.19699999999999998,0.047,0.191,0.5660000000000001,"Tennessee
(35.68094000038087, -85.77449000011325)"
2008,Guam,0.212,0.062,0.19399999999999998,0.532,NA
2007,Guam,0.233,0.076,0.141,0.5489999999999999,NA
2003,Guam,0.263,0.078,0.14300000000000002,0.517,NA
2002,Guam,0.248,0.071,0.155,0.526,NA
2001,Guam,0.265,0.047,0.11800000000000001,0.57,NA
2003,Delaware,0.16899999999999998,0.05,0.281,0.5,"Delaware
(39.00883000020451, -75.57774000040052)"
1998,Vermont,0.18600000000000003,0.037000000000000005,0.28600000000000003,0.491,"Vermont
(43.625379999687425, -72.51764000028561)"
2006,Oklahoma,0.18899999999999997,0.062,0.237,0.512,"Oklahoma
(35.4720099999617, -97.52034999975251)"
2004,Washington,0.14,0.053,0.253,0.555,"Washington
(47.522280000022135, -120.47001000026114)"
1998,New York,0.184,0.057,0.243,0.516,"New York
(42.82699999955048, -75.54396999981549)"
2005,South Dakota,0.138,0.06,0.254,0.5479999999999999,"South Dakota
(44.353130000049646, -100.37353000040906)"
1999,Illinois,0.198,0.045,0.23800000000000002,0.519,"Illinois
(40.485010000411364, -88.99770999971656)"
1997,Indiana,0.217,0.047,0.235,0.502,"Indiana
(39.76690999989677, -86.14996000035359)"
2000,Illinois,0.162,0.062,0.226,0.551,"Illinois
(40.485010000411364, -88.99770999971656)"
2006,Connecticut,0.11900000000000001,0.051,0.282,0.5479999999999999,"Connecticut
(41.56265999995918, -72.6498400002157)"
2005,Montana,0.145,0.047,0.285,0.523,"Montana
(47.06653000015956, -109.42441999998289)"
2002,Missouri,0.22,0.045,0.255,0.48,"Missouri
(38.63578999960896, -92.5663000000448)"
2002,Nevada,0.21100000000000002,0.05,0.247,0.49200000000000005,"Nevada
(39.49323999972637, -117.07183999971608)"
2001,Florida,0.175,0.049,0.275,0.501,"Florida
(28.932039999846268, -81.9289599999039)"
2004,Missouri,0.185,0.055999999999999994,0.242,0.517,"Missouri
(38.63578999960896, -92.5663000000448)"
2007,North Carolina,0.17600000000000002,0.053,0.248,0.523,"North Carolina
(35.46624999963797, -79.1593199999179)"
2010,Louisiana,0.159,0.062,0.22,0.56,"Louisiana
(31.31265999975932, -92.44567999993188)"
1999,Utah,0.10300000000000001,0.037000000000000005,0.17300000000000001,0.688,"Utah
(39.36070000030492, -111.58712999994941)"
2001,Hawaii,0.165,0.04,0.24,0.555,"Hawaii
(21.304850000427336, -157.85774999956269)"
2008,Montana,0.138,0.047,0.268,0.547,"Montana
(47.06653000015956, -109.42441999998289)"
2001,Vermont,0.16899999999999998,0.055,0.3,0.47600000000000003,"Vermont
(43.625379999687425, -72.51764000028561)"
2000,Georgia,0.184,0.051,0.22699999999999998,0.5379999999999999,"Georgia
(32.83967999993223, -83.62758000031658)"
2004,Virginia,0.159,0.05,0.233,0.5579999999999999,"Virginia
(37.54268000028196, -78.45789000012326)"
2004,Nebraska,0.149,0.054000000000000006,0.212,0.586,"Nebraska
(41.6410400000961, -99.36572999973953)"
2009,Massachusetts,0.109,0.04,0.285,0.5660000000000001,"Massachusetts
(42.27687000005062, -72.08269000004333)"
2002,Alabama,0.192,0.052000000000000005,0.23199999999999998,0.524,"Alabama
(32.840569999605975, -86.63186000013877)"
1995,Mississippi,0.205,0.027999999999999997,0.20800000000000002,0.5579999999999999,"Mississippi
(32.7455100000866, -89.53803000008429)"
2010,California,0.075,0.046,0.231,0.648,"California
(37.638300000444815, -120.99958999997835)"
1996,Iowa,0.196,0.04,0.23800000000000002,0.526,"Iowa
(42.469390000048634, -93.81649000001335)"
2002,Idaho,0.163,0.043,0.242,0.552,"Idaho
(43.682590000228515, -114.36368000023168)"
2007,Nevada,0.161,0.053,0.254,0.531,"Nevada
(39.49323999972637, -117.07183999971608)"
2010,Kansas,0.11900000000000001,0.051,0.242,0.588,"Kansas
(38.34774000000118, -98.20077999969709)"
2008,Nebraska,0.134,0.049,0.25,0.5660000000000001,"Nebraska
(41.6410400000961, -99.36572999973953)"
1998,Missouri,0.223,0.04,0.237,0.5,"Missouri
(38.63578999960896, -92.5663000000448)"
2001,Rhode Island,0.17600000000000002,0.063,0.289,0.473,"Rhode Island
(41.70828000002217, -71.5224700001902)"
1995,New Hampshire,0.188,0.023,0.327,0.462,"New Hampshire
(43.65595000019255, -71.50036000041354)"
2002,New Mexico,0.15,0.062,0.26,0.528,"New Mexico
(34.52088000011207, -106.24057999976702)"
2000,North Carolina,0.207,0.054000000000000006,0.243,0.496,"North Carolina
(35.46624999963797, -79.1593199999179)"
2002,Connecticut,0.14400000000000002,0.05,0.304,0.502,"Connecticut
(41.56265999995918, -72.6498400002157)"
1998,New Mexico,0.162,0.064,0.243,0.532,"New Mexico
(34.52088000011207, -106.24057999976702)"
2009,Maryland,0.10400000000000001,0.048,0.23399999999999999,0.615,"Maryland
(39.29057999976732, -76.6092600004485)"
2005,Mississippi,0.18600000000000003,0.051,0.209,0.555,"Mississippi
(32.7455100000866, -89.53803000008429)"
2005,Minnesota,0.149,0.051,0.287,0.512,"Minnesota
(46.3556499998478, -94.79419999982997)"
1998,Alabama,0.19399999999999998,0.052000000000000005,0.215,0.539,"Alabama
(32.840569999605975, -86.63186000013877)"
1996,Virginia,0.196,0.052000000000000005,0.22899999999999998,0.523,"Virginia
(37.54268000028196, -78.45789000012326)"
2001,Montana,0.166,0.054000000000000006,0.273,0.508,"Montana
(47.06653000015956, -109.42441999998289)"
1996,North Carolina,0.21899999999999997,0.038,0.231,0.512,"North Carolina
(35.46624999963797, -79.1593199999179)"
1995,Iowa,0.20199999999999999,0.028999999999999998,0.239,0.53,"Iowa
(42.469390000048634, -93.81649000001335)"
2006,Ohio,0.168,0.055999999999999994,0.243,0.5329999999999999,"Ohio
(40.06020999969189, -82.40426000019869)"
2006,Montana,0.133,0.055999999999999994,0.268,0.5429999999999999,"Montana
(47.06653000015956, -109.42441999998289)"
1999,Idaho,0.16,0.055,0.243,0.542,"Idaho
(43.682590000228515, -114.36368000023168)"
2008,Vermont,0.122,0.046,0.322,0.511,"Vermont
(43.625379999687425, -72.51764000028561)"
1996,New Jersey,0.17800000000000002,0.049,0.247,0.526,"New Jersey
(40.13056999960594, -74.2736899996936)"
1997,Texas,0.162,0.063,0.203,0.5710000000000001,"Texas
(31.82724000022597, -99.42676999973554)"
1998,Arkansas,0.222,0.037000000000000005,0.242,0.499,"Arkansas
(34.748649999697875, -92.27448999971358)"
2002,Washington,0.16399999999999998,0.05,0.285,0.501,"Washington
(47.522280000022135, -120.47001000026114)"
2002,Alaska,0.21899999999999997,0.07400000000000001,0.256,0.45,"Alaska
(64.84507999974238, -147.72205999986895)"
2009,Mississippi,0.171,0.063,0.221,0.546,"Mississippi
(32.7455100000866, -89.53803000008429)"
2000,California,0.121,0.051,0.26,0.5670000000000001,"California
(37.638300000444815, -120.99958999997835)"
2004,Michigan,0.172,0.061,0.252,0.516,"Michigan
(44.661320000317914, -84.71438999959867)"
2010,Massachusetts,0.102,0.039,0.293,0.5660000000000001,"Massachusetts
(42.27687000005062, -72.08269000004333)"
2001,Colorado,0.154,0.069,0.26,0.517,"Colorado
(38.842890000173554, -106.13314000041055)"
2007,North Dakota,0.151,0.059000000000000004,0.253,0.5379999999999999,"North Dakota
(47.475320000018144, -100.11841999998285)"
2008,Missouri,0.20199999999999999,0.048,0.25,0.501,"Missouri
(38.63578999960896, -92.5663000000448)"
2000,Kansas,0.16899999999999998,0.042,0.23600000000000002,0.5539999999999999,"Kansas
(38.34774000000118, -98.20077999969709)"
2000,Tennessee,0.21600000000000003,0.04,0.222,0.521,"Tennessee
(35.68094000038087, -85.77449000011325)"
2001,Arkansas,0.201,0.054000000000000006,0.23600000000000002,0.508,"Arkansas
(34.748649999697875, -92.27448999971358)"
2005,New Mexico,0.146,0.069,0.244,0.541,"New Mexico
(34.52088000011207, -106.24057999976702)"
2009,Georgia,0.126,0.051,0.22,0.603,"Georgia
(32.83967999993223, -83.62758000031658)"
2002,Arizona,0.17800000000000002,0.055999999999999994,0.244,0.522,"Arizona
(34.86596999961597, -111.76380999973156)"
1995,Kansas,0.18600000000000003,0.03,0.243,0.541,"Kansas
(38.34774000000118, -98.20077999969709)"
2001,Washington,0.16399999999999998,0.06,0.276,0.499,"Washington
(47.522280000022135, -120.47001000026114)"
2001,Illinois,0.174,0.063,0.237,0.525,"Illinois
(40.485010000411364, -88.99770999971656)"
2001,Missouri,0.2,0.059000000000000004,0.245,0.496,"Missouri
(38.63578999960896, -92.5663000000448)"
2009,Oklahoma,0.188,0.067,0.245,0.5,"Oklahoma
(35.4720099999617, -97.52034999975251)"
2010,Arkansas,0.17300000000000001,0.055999999999999994,0.24100000000000002,0.53,"Arkansas
(34.748649999697875, -92.27448999971358)"
1997,Pennsylvania,0.2,0.042,0.22699999999999998,0.531,"Pennsylvania
(40.79372999993973, -77.86069999960512)"
2004,Arizona,0.135,0.051,0.245,0.57,"Arizona
(34.86596999961597, -111.76380999973156)"
2003,Ohio,0.195,0.057,0.23800000000000002,0.51,"Ohio
(40.06020999969189, -82.40426000019869)"
1999,Massachusetts,0.152,0.040999999999999995,0.258,0.55,"Massachusetts
(42.27687000005062, -72.08269000004333)"
2007,Iowa,0.145,0.053,0.235,0.5670000000000001,"Iowa
(42.469390000048634, -93.81649000001335)"
2001,Wyoming,0.17300000000000001,0.049,0.26,0.519,"Wyoming
(43.23553999957147, -108.10982999975454)"
2004,Alaska,0.16399999999999998,0.085,0.24,0.512,"Alaska
(64.84507999974238, -147.72205999986895)"
2001,New York,0.166,0.066,0.23800000000000002,0.53,"New York
(42.82699999955048, -75.54396999981549)"
2009,New Mexico,0.11199999999999999,0.067,0.258,0.562,"New Mexico
(34.52088000011207, -106.24057999976702)"
1995,Rhode Island,0.213,0.035,0.292,0.46,"Rhode Island
(41.70828000002217, -71.5224700001902)"
2007,Georgia,0.147,0.047,0.22699999999999998,0.579,"Georgia
(32.83967999993223, -83.62758000031658)"
2003,Virginia,0.172,0.048,0.24,0.54,"Virginia
(37.54268000028196, -78.45789000012326)"
2007,West Virginia,0.217,0.052000000000000005,0.245,0.486,"West Virginia
(38.66550999958696, -80.71263999973604)"
2005,Michigan,0.16699999999999998,0.054000000000000006,0.26,0.52,"Michigan
(44.661320000317914, -84.71438999959867)"
1999,Texas,0.15,0.075,0.233,0.5429999999999999,"Texas
(31.82724000022597, -99.42676999973554)"
1997,Alaska,0.223,0.042,0.247,0.488,"Alaska
(64.84507999974238, -147.72205999986895)"
2009,Louisiana,0.16399999999999998,0.057,0.23199999999999998,0.547,"Louisiana
(31.31265999975932, -92.44567999993188)"
2007,New York,0.128,0.061,0.255,0.556,"New York
(42.82699999955048, -75.54396999981549)"
2005,Indiana,0.20800000000000002,0.064,0.22899999999999998,0.498,"Indiana
(39.76690999989677, -86.14996000035359)"
2010,New Jersey,0.102,0.042,0.261,0.594,"New Jersey
(40.13056999960594, -74.2736899996936)"
1995,Delaware,0.23,0.023,0.258,0.489,"Delaware
(39.00883000020451, -75.57774000040052)"
2000,Michigan,0.191,0.05,0.254,0.504,"Michigan
(44.661320000317914, -84.71438999959867)"
1996,Minnesota,0.156,0.05,0.231,0.563,"Minnesota
(46.3556499998478, -94.79419999982997)"
2004,Iowa,0.163,0.046,0.214,0.578,"Iowa
(42.469390000048634, -93.81649000001335)"
2000,Kentucky,0.268,0.037000000000000005,0.23,0.465,"Kentucky
(37.645969999815804, -84.77496999996538)"
1996,Oregon,0.191,0.043,0.27699999999999997,0.489,"Oregon
(44.567449999917756, -120.15502999983448)"
1995,Alaska,0.223,0.026000000000000002,0.272,0.479,"Alaska
(64.84507999974238, -147.72205999986895)"
2007,Pennsylvania,0.151,0.057999999999999996,0.239,0.551,"Pennsylvania
(40.79372999993973, -77.86069999960512)"
2005,South Carolina,0.17,0.055,0.244,0.531,"South Carolina
(33.99855000018255, -81.0452500001872)"
1999,Vermont,0.16899999999999998,0.048,0.267,0.516,"Vermont
(43.625379999687425, -72.51764000028561)"
1999,New Mexico,0.16399999999999998,0.06,0.24600000000000002,0.529,"New Mexico
(34.52088000011207, -106.24057999976702)"
2004,Indiana,0.195,0.053,0.226,0.525,"Indiana
(39.76690999989677, -86.14996000035359)"
2009,Nebraska,0.129,0.038,0.24600000000000002,0.5870000000000001,"Nebraska
(41.6410400000961, -99.36572999973953)"
2005,Georgia,0.16399999999999998,0.057999999999999996,0.21899999999999997,0.56,"Georgia
(32.83967999993223, -83.62758000031658)"
2000,Louisiana,0.18600000000000003,0.055,0.195,0.565,"Louisiana
(31.31265999975932, -92.44567999993188)"
1995,Wisconsin,0.182,0.035,0.276,0.507,"Wisconsin
(44.39319000021851, -89.81636999977553)"
2007,Hawaii,0.129,0.040999999999999995,0.26,0.57,"Hawaii
(21.304850000427336, -157.85774999956269)"
2010,New York,0.105,0.05,0.268,0.578,"New York
(42.82699999955048, -75.54396999981549)"
1997,New Mexico,0.155,0.065,0.253,0.526,"New Mexico
(34.52088000011207, -106.24057999976702)"
2004,Florida,0.146,0.057,0.258,0.539,"Florida
(28.932039999846268, -81.9289599999039)"
1996,Maryland,0.179,0.03,0.23399999999999999,0.557,"Maryland
(39.29057999976732, -76.6092600004485)"
2007,Missouri,0.198,0.047,0.23399999999999999,0.521,"Missouri
(38.63578999960896, -92.5663000000448)"
2010,Arizona,0.107,0.044000000000000004,0.27899999999999997,0.5710000000000001,"Arizona
(34.86596999961597, -111.76380999973156)"
1998,Pennsylvania,0.19399999999999998,0.044000000000000004,0.22899999999999998,0.5329999999999999,"Pennsylvania
(40.79372999993973, -77.86069999960512)"
1998,Texas,0.156,0.063,0.226,0.555,"Texas
(31.82724000022597, -99.42676999973554)"
1999,Wisconsin,0.179,0.057999999999999996,0.28600000000000003,0.47700000000000004,"Wisconsin
(44.39319000021851, -89.81636999977553)"
1999,Montana,0.16,0.042,0.27699999999999997,0.521,"Montana
(47.06653000015956, -109.42441999998289)"
2006,Minnesota,0.138,0.045,0.276,0.541,"Minnesota
(46.3556499998478, -94.79419999982997)"
1995,Missouri,0.21899999999999997,0.022000000000000002,0.271,0.488,"Missouri
(38.63578999960896, -92.5663000000448)"
2009,Tennessee,0.17600000000000002,0.044000000000000004,0.247,0.5329999999999999,"Tennessee
(35.68094000038087, -85.77449000011325)"
1998,Maryland,0.16699999999999998,0.057,0.242,0.534,"Maryland
(39.29057999976732, -76.6092600004485)"
2001,Utah,0.091,0.040999999999999995,0.171,0.6970000000000001,"Utah
(39.36070000030492, -111.58712999994941)"
2002,South Carolina,0.21,0.055999999999999994,0.226,0.509,"South Carolina
(33.99855000018255, -81.0452500001872)"
2005,Maine,0.159,0.049,0.301,0.491,"Maine
(45.25423000041434, -68.9850299999344)"
1997,Georgia,0.17600000000000002,0.048,0.153,0.623,"Georgia
(32.83967999993223, -83.62758000031658)"
2005,New York,0.146,0.059000000000000004,0.256,0.54,"New York
(42.82699999955048, -75.54396999981549)"
2004,Massachusetts,0.13699999999999998,0.048,0.26899999999999996,0.546,"Massachusetts
(42.27687000005062, -72.08269000004333)"
2010,Vermont,0.111,0.042,0.307,0.54,"Vermont
(43.625379999687425, -72.51764000028561)"
2008,North Carolina,0.155,0.054000000000000006,0.248,0.5429999999999999,"North Carolina
(35.46624999963797, -79.1593199999179)"
2008,Alabama,0.17300000000000001,0.049,0.21899999999999997,0.56,"Alabama
(32.840569999605975, -86.63186000013877)"
2006,North Dakota,0.156,0.039,0.24100000000000002,0.564,"North Dakota
(47.475320000018144, -100.11841999998285)"
2008,Mississippi,0.172,0.055,0.222,0.551,"Mississippi
(32.7455100000866, -89.53803000008429)"
2008,Utah,0.068,0.025,0.161,0.745,"Utah
(39.36070000030492, -111.58712999994941)"
2009,New Jersey,0.1,0.057999999999999996,0.254,0.588,"New Jersey
(40.13056999960594, -74.2736899996936)"
2006,Hawaii,0.13,0.046,0.251,0.573,"Hawaii
(21.304850000427336, -157.85774999956269)"
2009,Kansas,0.132,0.046,0.233,0.588,"Kansas
(38.34774000000118, -98.20077999969709)"
2007,Colorado,0.134,0.053,0.24600000000000002,0.5670000000000001,"Colorado
(38.842890000173554, -106.13314000041055)"
1998,Georgia,0.19699999999999998,0.039,0.21899999999999997,0.545,"Georgia
(32.83967999993223, -83.62758000031658)"
2009,Michigan,0.13699999999999998,0.059000000000000004,0.255,0.5489999999999999,"Michigan
(44.661320000317914, -84.71438999959867)"
2004,Delaware,0.188,0.055999999999999994,0.252,0.505,"Delaware
(39.00883000020451, -75.57774000040052)"
1999,Nebraska,0.182,0.05,0.221,0.547,"Nebraska
(41.6410400000961, -99.36572999973953)"
2008,Oklahoma,0.185,0.062,0.247,0.506,"Oklahoma
(35.4720099999617, -97.52034999975251)"
2005,Delaware,0.155,0.052000000000000005,0.272,0.521,"Delaware
(39.00883000020451, -75.57774000040052)"
2008,South Dakota,0.12,0.055999999999999994,0.261,0.564,"South Dakota
(44.353130000049646, -100.37353000040906)"
1995,South Carolina,0.209,0.025,0.204,0.561,"South Carolina
(33.99855000018255, -81.0452500001872)"
1998,Massachusetts,0.166,0.043,0.28,0.511,"Massachusetts
(42.27687000005062, -72.08269000004333)"
1998,Michigan,0.226,0.048,0.254,0.47200000000000003,"Michigan
(44.661320000317914, -84.71438999959867)"
2010,Alabama,0.156,0.063,0.239,0.542,"Alabama
(32.840569999605975, -86.63186000013877)"
2003,Missouri,0.231,0.040999999999999995,0.243,0.485,"Missouri
(38.63578999960896, -92.5663000000448)"
2002,Tennessee,0.22899999999999998,0.049,0.187,0.536,"Tennessee
(35.68094000038087, -85.77449000011325)"
2007,Indiana,0.182,0.059000000000000004,0.228,0.53,"Indiana
(39.76690999989677, -86.14996000035359)"
2007,Tennessee,0.2,0.043,0.24,0.518,"Tennessee
(35.68094000038087, -85.77449000011325)"
2007,Louisiana,0.16899999999999998,0.057,0.20199999999999999,0.5710000000000001,"Louisiana
(31.31265999975932, -92.44567999993188)"
2007,New Jersey,0.12,0.051,0.247,0.5820000000000001,"New Jersey
(40.13056999960594, -74.2736899996936)"
1997,New Hampshire,0.2,0.047,0.313,0.44,"New Hampshire
(43.65595000019255, -71.50036000041354)"
2002,Vermont,0.16699999999999998,0.044000000000000004,0.32299999999999995,0.465,"Vermont
(43.625379999687425, -72.51764000028561)"
2009,Rhode Island,0.102,0.049,0.29600000000000004,0.5539999999999999,"Rhode Island
(41.70828000002217, -71.5224700001902)"
1996,Florida,0.18100000000000002,0.037000000000000005,0.307,0.475,"Florida
(28.932039999846268, -81.9289599999039)"
1997,Louisiana,0.192,0.053,0.21899999999999997,0.536,"Louisiana
(31.31265999975932, -92.44567999993188)"
2009,Iowa,0.134,0.038,0.242,0.5870000000000001,"Iowa
(42.469390000048634, -93.81649000001335)"
2004,Montana,0.158,0.046,0.251,0.545,"Montana
(47.06653000015956, -109.42441999998289)"
1995,Connecticut,0.18600000000000003,0.02,0.28800000000000003,0.507,"Connecticut
(41.56265999995918, -72.6498400002157)"
2001,New Mexico,0.161,0.077,0.249,0.512,"New Mexico
(34.52088000011207, -106.24057999976702)"
2003,West Virginia,0.226,0.048,0.258,0.469,"West Virginia
(38.66550999958696, -80.71263999973604)"
2010,Idaho,0.113,0.044000000000000004,0.22899999999999998,0.615,"Idaho
(43.682590000228515, -114.36368000023168)"
2009,Texas,0.11699999999999999,0.062,0.21600000000000003,0.605,"Texas
(31.82724000022597, -99.42676999973554)"
2008,Arizona,0.107,0.052000000000000005,0.27399999999999997,0.5670000000000001,"Arizona
(34.86596999961597, -111.76380999973156)"
2000,Delaware,0.18600000000000003,0.042,0.239,0.532,"Delaware
(39.00883000020451, -75.57774000040052)"
2009,Washington,0.107,0.042,0.267,0.584,"Washington
(47.522280000022135, -120.47001000026114)"
2007,Maine,0.162,0.04,0.308,0.491,"Maine
(45.25423000041434, -68.9850299999344)"
2008,Connecticut,0.11599999999999999,0.043,0.301,0.54,"Connecticut
(41.56265999995918, -72.6498400002157)"
2005,Vermont,0.14400000000000002,0.049,0.308,0.5,"Vermont
(43.625379999687425, -72.51764000028561)"
2006,New Hampshire,0.14300000000000002,0.044000000000000004,0.297,0.516,"New Hampshire
(43.65595000019255, -71.50036000041354)"
2002,Arkansas,0.215,0.048,0.249,0.488,"Arkansas
(34.748649999697875, -92.27448999971358)"
2005,Tennessee,0.204,0.063,0.22,0.513,"Tennessee
(35.68094000038087, -85.77449000011325)"
2005,West Virginia,0.213,0.054000000000000006,0.243,0.49,"West Virginia
(38.66550999958696, -80.71263999973604)"
2004,Tennessee,0.215,0.046,0.222,0.517,"Tennessee
(35.68094000038087, -85.77449000011325)"
2000,Texas,0.154,0.065,0.21899999999999997,0.562,"Texas
(31.82724000022597, -99.42676999973554)"
2008,Tennessee,0.18,0.051,0.218,0.55,"Tennessee
(35.68094000038087, -85.77449000011325)"
2006,South Carolina,0.165,0.057999999999999996,0.245,0.5329999999999999,"South Carolina
(33.99855000018255, -81.0452500001872)"
2000,Iowa,0.183,0.049,0.231,0.537,"Iowa
(42.469390000048634, -93.81649000001335)"
2006,Pennsylvania,0.166,0.049,0.255,0.53,"Pennsylvania
(40.79372999993973, -77.86069999960512)"
2005,Missouri,0.185,0.049,0.242,0.524,"Missouri
(38.63578999960896, -92.5663000000448)"
2009,Utah,0.069,0.028999999999999998,0.151,0.7509999999999999,"Utah
(39.36070000030492, -111.58712999994941)"
1999,Colorado,0.175,0.049,0.258,0.517,"Colorado
(38.842890000173554, -106.13314000041055)"
1999,New York,0.17,0.048,0.231,0.551,"New York
(42.82699999955048, -75.54396999981549)"
1997,Rhode Island,0.19699999999999998,0.046,0.267,0.49,"Rhode Island
(41.70828000002217, -71.5224700001902)"
2004,Kentucky,0.23,0.045,0.204,0.521,"Kentucky
(37.645969999815804, -84.77496999996538)"
2000,Pennsylvania,0.193,0.051,0.245,0.511,"Pennsylvania
(40.79372999993973, -77.86069999960512)"
2006,Alaska,0.162,0.077,0.276,0.485,"Alaska
(64.84507999974238, -147.72205999986895)"
2010,Wisconsin,0.136,0.055,0.263,0.546,"Wisconsin
(44.39319000021851, -89.81636999977553)"
1995,Ohio,0.23600000000000002,0.022000000000000002,0.24,0.502,"Ohio
(40.06020999969189, -82.40426000019869)"
2006,Texas,0.126,0.053,0.217,0.604,"Texas
(31.82724000022597, -99.42676999973554)"
2005,Rhode Island,0.153,0.044000000000000004,0.28800000000000003,0.514,"Rhode Island
(41.70828000002217, -71.5224700001902)"
1997,New York,0.191,0.04,0.237,0.532,"New York
(42.82699999955048, -75.54396999981549)"
2000,Maine,0.207,0.031,0.299,0.46299999999999997,"Maine
(45.25423000041434, -68.9850299999344)"
2004,Maryland,0.146,0.05,0.23,0.575,"Maryland
(39.29057999976732, -76.6092600004485)"
2003,California,0.113,0.055,0.252,0.58,"California
(37.638300000444815, -120.99958999997835)"
2000,South Carolina,0.188,0.062,0.21899999999999997,0.532,"South Carolina
(33.99855000018255, -81.0452500001872)"
1997,Colorado,0.17,0.055,0.255,0.519,"Colorado
(38.842890000173554, -106.13314000041055)"
2010,Virginia,0.145,0.04,0.244,0.57,"Virginia
(37.54268000028196, -78.45789000012326)"
2005,Connecticut,0.124,0.040999999999999995,0.294,0.541,"Connecticut
(41.56265999995918, -72.6498400002157)"
2004,District of Columbia,0.125,0.084,0.192,0.599,"District of Columbia
(38.89036999987576, -77.03195999965413)"
1996,Connecticut,0.174,0.044000000000000004,0.282,0.5,"Connecticut
(41.56265999995918, -72.6498400002157)"
1996,Alaska,0.217,0.06,0.26,0.46299999999999997,"Alaska
(64.84507999974238, -147.72205999986895)"
2010,Michigan,0.135,0.054000000000000006,0.253,0.557,"Michigan
(44.661320000317914, -84.71438999959867)"
1999,Maryland,0.155,0.048,0.242,0.555,"Maryland
(39.29057999976732, -76.6092600004485)"
1995,Nevada,0.233,0.025,0.268,0.474,"Nevada
(39.49323999972637, -117.07183999971608)"
2003,Utah,0.086,0.033,0.166,0.715,"Utah
(39.36070000030492, -111.58712999994941)"
2005,Nevada,0.166,0.065,0.24,0.529,"Nevada
(39.49323999972637, -117.07183999971608)"
2006,Virginia,0.147,0.046,0.252,0.555,"Virginia
(37.54268000028196, -78.45789000012326)"
2005,North Carolina,0.171,0.055,0.23600000000000002,0.5379999999999999,"North Carolina
(35.46624999963797, -79.1593199999179)"
2008,Texas,0.11699999999999999,0.068,0.215,0.6,"Texas
(31.82724000022597, -99.42676999973554)"
2003,Indiana,0.21100000000000002,0.05,0.244,0.495,"Indiana
(39.76690999989677, -86.14996000035359)"
1997,Wyoming,0.195,0.045,0.254,0.506,"Wyoming
(43.23553999957147, -108.10982999975454)"
2001,Maryland,0.153,0.057999999999999996,0.247,0.542,"Maryland
(39.29057999976732, -76.6092600004485)"
1998,Florida,0.18,0.04,0.261,0.519,"Florida
(28.932039999846268, -81.9289599999039)"
2008,Alaska,0.151,0.064,0.284,0.5,"Alaska
(64.84507999974238, -147.72205999986895)"
1996,Alabama,0.17600000000000002,0.048,0.215,0.561,"Alabama
(32.840569999605975, -86.63186000013877)"
2001,North Carolina,0.213,0.045,0.23800000000000002,0.504,"North Carolina
(35.46624999963797, -79.1593199999179)"
1997,Washington,0.18600000000000003,0.052000000000000005,0.26899999999999996,0.493,"Washington
(47.522280000022135, -120.47001000026114)"
2001,Delaware,0.19,0.06,0.254,0.495,"Delaware
(39.00883000020451, -75.57774000040052)"
2006,Arkansas,0.188,0.048,0.251,0.512,"Arkansas
(34.748649999697875, -92.27448999971358)"
1996,Louisiana,0.21899999999999997,0.04,0.215,0.527,"Louisiana
(31.31265999975932, -92.44567999993188)"
2008,Indiana,0.19699999999999998,0.063,0.23,0.51,"Indiana
(39.76690999989677, -86.14996000035359)"
1997,Maryland,0.17600000000000002,0.028999999999999998,0.228,0.568,"Maryland
(39.29057999976732, -76.6092600004485)"
2007,Arkansas,0.17300000000000001,0.051,0.237,0.539,"Arkansas
(34.748649999697875, -92.27448999971358)"
2008,Arkansas,0.17,0.054000000000000006,0.263,0.514,"Arkansas
(34.748649999697875, -92.27448999971358)"
2009,Virginia,0.138,0.052000000000000005,0.244,0.565,"Virginia
(37.54268000028196, -78.45789000012326)"
2004,South Carolina,0.18,0.064,0.21899999999999997,0.5379999999999999,"South Carolina
(33.99855000018255, -81.0452500001872)"
2001,Nebraska,0.158,0.044000000000000004,0.223,0.574,"Nebraska
(41.6410400000961, -99.36572999973953)"
2003,Montana,0.14800000000000002,0.051,0.284,0.516,"Montana
(47.06653000015956, -109.42441999998289)"
1996,Maine,0.226,0.027999999999999997,0.278,0.469,"Maine
(45.25423000041434, -68.9850299999344)"
1996,Tennessee,0.25,0.028999999999999998,0.19899999999999998,0.522,"Tennessee
(35.68094000038087, -85.77449000011325)"
1997,New Jersey,0.166,0.047,0.262,0.524,"New Jersey
(40.13056999960594, -74.2736899996936)"
1999,Iowa,0.18899999999999997,0.046,0.24600000000000002,0.519,"Iowa
(42.469390000048634, -93.81649000001335)"
1997,Arkansas,0.248,0.037000000000000005,0.20199999999999999,0.514,"Arkansas
(34.748649999697875, -92.27448999971358)"
1998,Rhode Island,0.182,0.044000000000000004,0.29,0.484,"Rhode Island
(41.70828000002217, -71.5224700001902)"
2008,Maryland,0.106,0.043,0.242,0.609,"Maryland
(39.29057999976732, -76.6092600004485)"
2010,Ohio,0.171,0.054000000000000006,0.24600000000000002,0.529,"Ohio
(40.06020999969189, -82.40426000019869)"
2007,Rhode Island,0.11800000000000001,0.052000000000000005,0.284,0.546,"Rhode Island
(41.70828000002217, -71.5224700001902)"
1995,Indiana,0.243,0.027000000000000003,0.23,0.5,"Indiana
(39.76690999989677, -86.14996000035359)"
2007,Oklahoma,0.2,0.057999999999999996,0.23199999999999998,0.51,"Oklahoma
(35.4720099999617, -97.52034999975251)"
1999,Rhode Island,0.17800000000000002,0.044000000000000004,0.256,0.522,"Rhode Island
(41.70828000002217, -71.5224700001902)"
2009,Hawaii,0.10400000000000001,0.05,0.26899999999999996,0.5770000000000001,"Hawaii
(21.304850000427336, -157.85774999956269)"
2005,Washington,0.125,0.05,0.273,0.551,"Washington
(47.522280000022135, -120.47001000026114)"
2003,Maryland,0.152,0.049,0.237,0.562,"Maryland
(39.29057999976732, -76.6092600004485)"
2000,Nevada,0.22,0.071,0.267,0.44299999999999995,"Nevada
(39.49323999972637, -117.07183999971608)"
2001,New Jersey,0.15,0.061,0.262,0.527,"New Jersey
(40.13056999960594, -74.2736899996936)"
1995,North Dakota,0.201,0.025,0.242,0.532,"North Dakota
(47.475320000018144, -100.11841999998285)"
2006,Michigan,0.165,0.057999999999999996,0.254,0.522,"Michigan
(44.661320000317914, -84.71438999959867)"
2006,Wyoming,0.16399999999999998,0.052000000000000005,0.249,0.535,"Wyoming
(43.23553999957147, -108.10982999975454)"
2001,Alabama,0.174,0.065,0.23399999999999999,0.528,"Alabama
(32.840569999605975, -86.63186000013877)"
2003,Pennsylvania,0.20199999999999999,0.053,0.252,0.494,"Pennsylvania
(40.79372999993973, -77.86069999960512)"
2004,Vermont,0.15,0.05,0.306,0.494,"Vermont
(43.625379999687425, -72.51764000028561)"
2004,Rhode Island,0.158,0.055,0.28800000000000003,0.499,"Rhode Island
(41.70828000002217, -71.5224700001902)"
1995,Georgia,0.184,0.019,0.18100000000000002,0.616,"Georgia
(32.83967999993223, -83.62758000031658)"
2005,Illinois,0.142,0.057,0.24,0.561,"Illinois
(40.485010000411364, -88.99770999971656)"
1995,Montana,0.18899999999999997,0.022000000000000002,0.292,0.498,"Montana
(47.06653000015956, -109.42441999998289)"
2004,Wisconsin,0.165,0.054000000000000006,0.243,0.5379999999999999,"Wisconsin
(44.39319000021851, -89.81636999977553)"
2007,Maryland,0.115,0.055999999999999994,0.237,0.593,"Maryland
(39.29057999976732, -76.6092600004485)"
2007,Alabama,0.165,0.06,0.23199999999999998,0.5429999999999999,"Alabama
(32.840569999605975, -86.63186000013877)"
2006,Massachusetts,0.13,0.047,0.27699999999999997,0.545,"Massachusetts
(42.27687000005062, -72.08269000004333)"
2001,Oregon,0.15,0.055,0.287,0.509,"Oregon
(44.567449999917756, -120.15502999983448)"
2010,Illinois,0.115,0.054000000000000006,0.23600000000000002,0.595,"Illinois
(40.485010000411364, -88.99770999971656)"
2003,Oklahoma,0.203,0.048,0.221,0.527,"Oklahoma
(35.4720099999617, -97.52034999975251)"
2000,New Hampshire,0.19699999999999998,0.055999999999999994,0.297,0.45,"New Hampshire
(43.65595000019255, -71.50036000041354)"
2009,Maine,0.125,0.047,0.311,0.516,"Maine
(45.25423000041434, -68.9850299999344)"
2010,Connecticut,0.092,0.04,0.292,0.5760000000000001,"Connecticut
(41.56265999995918, -72.6498400002157)"
2003,Texas,0.156,0.065,0.21600000000000003,0.563,"Texas
(31.82724000022597, -99.42676999973554)"
2004,Illinois,0.154,0.068,0.215,0.562,"Illinois
(40.485010000411364, -88.99770999971656)"
2007,Illinois,0.13699999999999998,0.064,0.235,0.564,"Illinois
(40.485010000411364, -88.99770999971656)"
1997,Missouri,0.24600000000000002,0.04,0.21600000000000003,0.49700000000000005,"Missouri
(38.63578999960896, -92.5663000000448)"
1995,Louisiana,0.21100000000000002,0.04,0.223,0.527,"Louisiana
(31.31265999975932, -92.44567999993188)"
2002,Ohio,0.214,0.052000000000000005,0.247,0.48700000000000004,"Ohio
(40.06020999969189, -82.40426000019869)"
2006,Mississippi,0.179,0.07200000000000001,0.21100000000000002,0.5379999999999999,"Mississippi
(32.7455100000866, -89.53803000008429)"
2001,California,0.121,0.051,0.259,0.569,"California
(37.638300000444815, -120.99958999997835)"
2006,West Virginia,0.213,0.045,0.247,0.496,"West Virginia
(38.66550999958696, -80.71263999973604)"
2005,Pennsylvania,0.179,0.057,0.254,0.51,"Pennsylvania
(40.79372999993973, -77.86069999960512)"
2002,Illinois,0.17800000000000002,0.051,0.22899999999999998,0.5429999999999999,"Illinois
(40.485010000411364, -88.99770999971656)"
1998,Illinois,0.17,0.061,0.25,0.519,"Illinois
(40.485010000411364, -88.99770999971656)"
2008,Minnesota,0.121,0.055,0.271,0.5539999999999999,"Minnesota
(46.3556499998478, -94.79419999982997)"
2008,California,0.08900000000000001,0.051,0.233,0.627,"California
(37.638300000444815, -120.99958999997835)"
2009,South Dakota,0.125,0.05,0.272,0.5529999999999999,"South Dakota
(44.353130000049646, -100.37353000040906)"
2001,North Dakota,0.156,0.065,0.248,0.531,"North Dakota
(47.475320000018144, -100.11841999998285)"
2007,Alaska,0.156,0.067,0.271,0.507,"Alaska
(64.84507999974238, -147.72205999986895)"
1996,Ohio,0.257,0.027000000000000003,0.214,0.502,"Ohio
(40.06020999969189, -82.40426000019869)"
2010,Maine,0.139,0.043,0.302,0.516,"Maine
(45.25423000041434, -68.9850299999344)"
2007,South Carolina,0.162,0.057,0.25,0.531,"South Carolina
(33.99855000018255, -81.0452500001872)"
1998,New Jersey,0.152,0.039,0.264,0.545,"New Jersey
(40.13056999960594, -74.2736899996936)"
1995,Oklahoma,0.20199999999999999,0.013000000000000001,0.174,0.612,"Oklahoma
(35.4720099999617, -97.52034999975251)"
2000,New Jersey,0.14800000000000002,0.062,0.22399999999999998,0.5660000000000001,"New Jersey
(40.13056999960594, -74.2736899996936)"
1996,Washington,0.191,0.044000000000000004,0.268,0.49700000000000005,"Washington
(47.522280000022135, -120.47001000026114)"
2007,Montana,0.14800000000000002,0.046,0.266,0.539,"Montana
(47.06653000015956, -109.42441999998289)"
2003,Alabama,0.19699999999999998,0.057,0.239,0.508,"Alabama
(32.840569999605975, -86.63186000013877)"
2005,Alabama,0.188,0.06,0.209,0.5429999999999999,"Alabama
(32.840569999605975, -86.63186000013877)"
1999,California,0.125,0.062,0.264,0.5489999999999999,"California
(37.638300000444815, -120.99958999997835)"
2007,Washington,0.122,0.046,0.262,0.57,"Washington
(47.522280000022135, -120.47001000026114)"
2001,Indiana,0.215,0.059000000000000004,0.226,0.5,"Indiana
(39.76690999989677, -86.14996000035359)"
1998,Wyoming,0.19,0.039,0.252,0.52,"Wyoming
(43.23553999957147, -108.10982999975454)"
2009,California,0.081,0.047,0.23199999999999998,0.639,"California
(37.638300000444815, -120.99958999997835)"
1996,Wyoming,0.201,0.045,0.251,0.503,"Wyoming
(43.23553999957147, -108.10982999975454)"
1999,Ohio,0.23600000000000002,0.04,0.24,0.484,"Ohio
(40.06020999969189, -82.40426000019869)"
2009,New York,0.121,0.059000000000000004,0.263,0.557,"New York
(42.82699999955048, -75.54396999981549)"
2008,Wisconsin,0.141,0.057,0.267,0.535,"Wisconsin
(44.39319000021851, -89.81636999977553)"
1995,Kentucky,0.249,0.027000000000000003,0.223,0.501,"Kentucky
(37.645969999815804, -84.77496999996538)"
1998,Hawaii,0.158,0.037000000000000005,0.261,0.544,"Hawaii
(21.304850000427336, -157.85774999956269)"
2003,Wyoming,0.198,0.048,0.262,0.491,"Wyoming
(43.23553999957147, -108.10982999975454)"
2008,Ohio,0.155,0.046,0.254,0.544,"Ohio
(40.06020999969189, -82.40426000019869)"
2002,Michigan,0.193,0.048,0.271,0.48700000000000004,"Michigan
(44.661320000317914, -84.71438999959867)"
2005,District of Columbia,0.11599999999999999,0.085,0.215,0.585,"District of Columbia
(38.89036999987576, -77.03195999965413)"
2003,Nebraska,0.16,0.053,0.24,0.547,"Nebraska
(41.6410400000961, -99.36572999973953)"
2008,North Dakota,0.133,0.048,0.254,0.565,"North Dakota
(47.475320000018144, -100.11841999998285)"
2000,Massachusetts,0.153,0.047,0.282,0.519,"Massachusetts
(42.27687000005062, -72.08269000004333)"
2008,Wyoming,0.149,0.045,0.254,0.552,"Wyoming
(43.23553999957147, -108.10982999975454)"
1998,Nevada,0.23600000000000002,0.067,0.24,0.456,"Nevada
(39.49323999972637, -117.07183999971608)"
1997,District of Columbia,0.11800000000000001,0.07,0.158,0.654,"District of Columbia
(38.89036999987576, -77.03195999965413)"
2010,Iowa,0.121,0.040999999999999995,0.23399999999999999,0.604,"Iowa
(42.469390000048634, -93.81649000001335)"
2006,Oregon,0.136,0.048,0.257,0.5579999999999999,"Oregon
(44.567449999917756, -120.15502999983448)"
2006,New York,0.134,0.049,0.245,0.573,"New York
(42.82699999955048, -75.54396999981549)"
1997,Alabama,0.20800000000000002,0.039,0.22,0.5329999999999999,"Alabama
(32.840569999605975, -86.63186000013877)"
1996,Kentucky,0.27899999999999997,0.038,0.23199999999999998,0.452,"Kentucky
(37.645969999815804, -84.77496999996538)"
1996,Delaware,0.21,0.033,0.268,0.49,"Delaware
(39.00883000020451, -75.57774000040052)"
1995,Nebraska,0.19399999999999998,0.024,0.257,0.525,"Nebraska
(41.6410400000961, -99.36572999973953)"
1998,North Carolina,0.205,0.042,0.23399999999999999,0.519,"North Carolina
(35.46624999963797, -79.1593199999179)"
1995,Virginia,0.187,0.027000000000000003,0.252,0.535,"Virginia
(37.54268000028196, -78.45789000012326)"
2002,Georgia,0.177,0.055999999999999994,0.22399999999999998,0.5429999999999999,"Georgia
(32.83967999993223, -83.62758000031658)"
1997,Mississippi,0.19,0.040999999999999995,0.213,0.556,"Mississippi
(32.7455100000866, -89.53803000008429)"
2003,District of Columbia,0.139,0.081,0.222,0.5579999999999999,"District of Columbia
(38.89036999987576, -77.03195999965413)"
2006,Nebraska,0.138,0.048,0.23800000000000002,0.575,"Nebraska
(41.6410400000961, -99.36572999973953)"
1999,North Dakota,0.17,0.051,0.247,0.531,"North Dakota
(47.475320000018144, -100.11841999998285)"
2006,South Dakota,0.147,0.055999999999999994,0.248,0.5479999999999999,"South Dakota
(44.353130000049646, -100.37353000040906)"
2005,Texas,0.132,0.068,0.21,0.59,"Texas
(31.82724000022597, -99.42676999973554)"
1999,Arkansas,0.226,0.046,0.231,0.49700000000000005,"Arkansas
(34.748649999697875, -92.27448999971358)"
2008,Massachusetts,0.11699999999999999,0.044000000000000004,0.281,0.5579999999999999,"Massachusetts
(42.27687000005062, -72.08269000004333)"
1999,Indiana,0.225,0.045,0.22,0.51,"Indiana
(39.76690999989677, -86.14996000035359)"
2008,Illinois,0.151,0.062,0.23399999999999999,0.5529999999999999,"Illinois
(40.485010000411364, -88.99770999971656)"
2004,Connecticut,0.132,0.049,0.3,0.519,"Connecticut
(41.56265999995918, -72.6498400002157)"
1999,Wyoming,0.191,0.048,0.249,0.512,"Wyoming
(43.23553999957147, -108.10982999975454)"
2003,South Carolina,0.196,0.059000000000000004,0.23,0.515,"South Carolina
(33.99855000018255, -81.0452500001872)"
1998,Mississippi,0.191,0.05,0.21899999999999997,0.54,"Mississippi
(32.7455100000866, -89.53803000008429)"
1999,Tennessee,0.21899999999999997,0.028999999999999998,0.207,0.544,"Tennessee
(35.68094000038087, -85.77449000011325)"
2004,Oklahoma,0.19899999999999998,0.062,0.225,0.514,"Oklahoma
(35.4720099999617, -97.52034999975251)"
2010,North Carolina,0.14300000000000002,0.054000000000000006,0.245,0.5579999999999999,"North Carolina
(35.46624999963797, -79.1593199999179)"
1996,Oklahoma,0.215,0.025,0.184,0.575,"Oklahoma
(35.4720099999617, -97.52034999975251)"
2006,District of Columbia,0.106,0.073,0.221,0.6,"District of Columbia
(38.89036999987576, -77.03195999965413)"
2005,Iowa,0.161,0.043,0.248,0.5479999999999999,"Iowa
(42.469390000048634, -93.81649000001335)"
2003,New Hampshire,0.17,0.042,0.31,0.478,"New Hampshire
(43.65595000019255, -71.50036000041354)"
2010,Colorado,0.114,0.046,0.247,0.593,"Colorado
(38.842890000173554, -106.13314000041055)"
2007,Michigan,0.158,0.054000000000000006,0.248,0.541,"Michigan
(44.661320000317914, -84.71438999959867)"
2007,Kansas,0.13699999999999998,0.042,0.233,0.588,"Kansas
(38.34774000000118, -98.20077999969709)"
2010,Utah,0.064,0.027000000000000003,0.14300000000000002,0.7659999999999999,"Utah
(39.36070000030492, -111.58712999994941)"
2000,Missouri,0.226,0.046,0.247,0.48100000000000004,"Missouri
(38.63578999960896, -92.5663000000448)"
2003,Louisiana,0.204,0.062,0.207,0.527,"Louisiana
(31.31265999975932, -92.44567999993188)"
2009,Florida,0.128,0.043,0.276,0.5529999999999999,"Florida
(28.932039999846268, -81.9289599999039)"
1997,Connecticut,0.172,0.044000000000000004,0.29100000000000004,0.493,"Connecticut
(41.56265999995918, -72.6498400002157)"
1997,Nebraska,0.185,0.036000000000000004,0.22699999999999998,0.552,"Nebraska
(41.6410400000961, -99.36572999973953)"
1997,South Dakota,0.188,0.055999999999999994,0.258,0.499,"South Dakota
(44.353130000049646, -100.37353000040906)"
2006,Illinois,0.141,0.064,0.237,0.5579999999999999,"Illinois
(40.485010000411364, -88.99770999971656)"
2004,Arkansas,0.19399999999999998,0.062,0.247,0.498,"Arkansas
(34.748649999697875, -92.27448999971358)"
2000,Rhode Island,0.183,0.051,0.267,0.499,"Rhode Island
(41.70828000002217, -71.5224700001902)"
2005,Colorado,0.135,0.063,0.248,0.5539999999999999,"Colorado
(38.842890000173554, -106.13314000041055)"
2002,North Carolina,0.212,0.051,0.24100000000000002,0.49700000000000005,"North Carolina
(35.46624999963797, -79.1593199999179)"
1997,Tennessee,0.237,0.033,0.213,0.517,"Tennessee
(35.68094000038087, -85.77449000011325)"
1996,New Mexico,0.16699999999999998,0.062,0.242,0.53,"New Mexico
(34.52088000011207, -106.24057999976702)"
1997,Illinois,0.17800000000000002,0.054000000000000006,0.258,0.51,"Illinois
(40.485010000411364, -88.99770999971656)"
2000,Florida,0.177,0.055,0.27399999999999997,0.494,"Florida
(28.932039999846268, -81.9289599999039)"
1995,Maine,0.222,0.025,0.272,0.48100000000000004,"Maine
(45.25423000041434, -68.9850299999344)"
2010,Tennessee,0.157,0.044000000000000004,0.22899999999999998,0.57,"Tennessee
(35.68094000038087, -85.77449000011325)"
1998,Delaware,0.207,0.037000000000000005,0.245,0.51,"Delaware
(39.00883000020451, -75.57774000040052)"
2001,Wisconsin,0.182,0.054000000000000006,0.287,0.478,"Wisconsin
(44.39319000021851, -89.81636999977553)"
2002,Minnesota,0.162,0.055,0.268,0.514,"Minnesota
(46.3556499998478, -94.79419999982997)"
2010,Oklahoma,0.175,0.062,0.243,0.52,"Oklahoma
(35.4720099999617, -97.52034999975251)"
1998,Minnesota,0.133,0.047,0.18600000000000003,0.634,"Minnesota
(46.3556499998478, -94.79419999982997)"
2009,Alaska,0.147,0.059000000000000004,0.281,0.513,"Alaska
(64.84507999974238, -147.72205999986895)"
2000,District of Columbia,0.139,0.07,0.22,0.5710000000000001,"District of Columbia
(38.89036999987576, -77.03195999965413)"
1995,Oregon,0.185,0.032,0.284,0.499,"Oregon
(44.567449999917756, -120.15502999983448)"
2002,Colorado,0.156,0.047,0.256,0.54,"Colorado
(38.842890000173554, -106.13314000041055)"
2003,Arizona,0.154,0.055,0.262,0.53,"Arizona
(34.86596999961597, -111.76380999973156)"
1996,New York,0.192,0.04,0.237,0.531,"New York
(42.82699999955048, -75.54396999981549)"
2000,Ohio,0.21100000000000002,0.051,0.23199999999999998,0.506,"Ohio
(40.06020999969189, -82.40426000019869)"
2001,Kansas,0.16899999999999998,0.054000000000000006,0.243,0.535,"Kansas
(38.34774000000118, -98.20077999969709)"
2006,Wisconsin,0.152,0.055999999999999994,0.26,0.532,"Wisconsin
(44.39319000021851, -89.81636999977553)"
1999,Virginia,0.17,0.043,0.253,0.5329999999999999,"Virginia
(37.54268000028196, -78.45789000012326)"
2003,New Mexico,0.158,0.062,0.259,0.521,"New Mexico
(34.52088000011207, -106.24057999976702)"
2000,Arkansas,0.19899999999999998,0.052000000000000005,0.245,0.504,"Arkansas
(34.748649999697875, -92.27448999971358)"
2007,New Hampshire,0.151,0.042,0.303,0.504,"New Hampshire
(43.65595000019255, -71.50036000041354)"
2008,Iowa,0.141,0.046,0.247,0.5660000000000001,"Iowa
(42.469390000048634, -93.81649000001335)"
2001,Kentucky,0.262,0.047,0.23600000000000002,0.455,"Kentucky
(37.645969999815804, -84.77496999996538)"
1999,Washington,0.17,0.053,0.268,0.508,"Washington
(47.522280000022135, -120.47001000026114)"
2010,Indiana,0.163,0.05,0.251,0.537,"Indiana
(39.76690999989677, -86.14996000035359)"
2010,Wyoming,0.149,0.046,0.24600000000000002,0.5589999999999999,"Wyoming
(43.23553999957147, -108.10982999975454)"
2008,Delaware,0.134,0.044000000000000004,0.285,0.537,"Delaware
(39.00883000020451, -75.57774000040052)"
2003,Connecticut,0.139,0.047,0.312,0.502,"Connecticut
(41.56265999995918, -72.6498400002157)"
2003,New Jersey,0.14,0.054000000000000006,0.263,0.5429999999999999,"New Jersey
(40.13056999960594, -74.2736899996936)"
2009,Ohio,0.156,0.047,0.258,0.5379999999999999,"Ohio
(40.06020999969189, -82.40426000019869)"
2006,Rhode Island,0.149,0.043,0.28800000000000003,0.52,"Rhode Island
(41.70828000002217, -71.5224700001902)"
1996,Pennsylvania,0.203,0.042,0.23199999999999998,0.523,"Pennsylvania
(40.79372999993973, -77.86069999960512)"
1999,South Carolina,0.18,0.055999999999999994,0.204,0.56,"South Carolina
(33.99855000018255, -81.0452500001872)"
1997,Vermont,0.195,0.038,0.29100000000000004,0.47700000000000004,"Vermont
(43.625379999687425, -72.51764000028561)"
1998,West Virginia,0.249,0.031,0.23800000000000002,0.483,"West Virginia
(38.66550999958696, -80.71263999973604)"
1996,Arizona,0.19899999999999998,0.039,0.251,0.512,"Arizona
(34.86596999961597, -111.76380999973156)"
1998,California,0.136,0.055999999999999994,0.262,0.546,"California
(37.638300000444815, -120.99958999997835)"
1999,District of Columbia,0.134,0.071,0.161,0.633,"District of Columbia
(38.89036999987576, -77.03195999965413)"
1998,New Hampshire,0.182,0.05,0.285,0.48200000000000004,"New Hampshire
(43.65595000019255, -71.50036000041354)"
2001,Alaska,0.19,0.07200000000000001,0.26899999999999996,0.469,"Alaska
(64.84507999974238, -147.72205999986895)"
1999,Nevada,0.243,0.07200000000000001,0.29,0.395,"Nevada
(39.49323999972637, -117.07183999971608)"
1996,Montana,0.191,0.026000000000000002,0.27,0.513,"Montana
(47.06653000015956, -109.42441999998289)"
2001,Maine,0.182,0.057,0.319,0.442,"Maine
(45.25423000041434, -68.9850299999344)"
2002,Florida,0.17800000000000002,0.042,0.251,0.529,"Florida
(28.932039999846268, -81.9289599999039)"
2001,South Dakota,0.166,0.057999999999999996,0.252,0.525,"South Dakota
(44.353130000049646, -100.37353000040906)"
2005,Massachusetts,0.135,0.046,0.275,0.545,"Massachusetts
(42.27687000005062, -72.08269000004333)"
1997,Oklahoma,0.214,0.032,0.191,0.563,"Oklahoma
(35.4720099999617, -97.52034999975251)"
2005,Ohio,0.17600000000000002,0.048,0.258,0.519,"Ohio
(40.06020999969189, -82.40426000019869)"
2004,Pennsylvania,0.175,0.053,0.239,0.534,"Pennsylvania
(40.79372999993973, -77.86069999960512)"
1995,Washington,0.175,0.024,0.299,0.502,"Washington
(47.522280000022135, -120.47001000026114)"
2010,Florida,0.12,0.052000000000000005,0.298,0.53,"Florida
(28.932039999846268, -81.9289599999039)"
2008,District of Columbia,0.09300000000000001,0.07,0.225,0.612,"District of Columbia
(38.89036999987576, -77.03195999965413)"
2008,Hawaii,0.11800000000000001,0.037000000000000005,0.254,0.5920000000000001,"Hawaii
(21.304850000427336, -157.85774999956269)"
2010,West Virginia,0.23199999999999998,0.036000000000000004,0.244,0.488,"West Virginia
(38.66550999958696, -80.71263999973604)"
2008,Georgia,0.145,0.05,0.214,0.591,"Georgia
(32.83967999993223, -83.62758000031658)"
2002,Maine,0.196,0.04,0.33399999999999996,0.431,"Maine
(45.25423000041434, -68.9850299999344)"
1996,Arkansas,0.21899999999999997,0.034,0.18,0.5670000000000001,"Arkansas
(34.748649999697875, -92.27448999971358)"
2003,Hawaii,0.141,0.032,0.24100000000000002,0.586,"Hawaii
(21.304850000427336, -157.85774999956269)"
2007,Virginia,0.141,0.044000000000000004,0.235,0.58,"Virginia
(37.54268000028196, -78.45789000012326)"
2007,South Dakota,0.142,0.055999999999999994,0.243,0.5589999999999999,"South Dakota
(44.353130000049646, -100.37353000040906)"
2006,Utah,0.071,0.027000000000000003,0.166,0.736,"Utah
(39.36070000030492, -111.58712999994941)"
1997,Virginia,0.188,0.055999999999999994,0.258,0.498,"Virginia
(37.54268000028196, -78.45789000012326)"
1995,Pennsylvania,0.204,0.033,0.28300000000000003,0.48,"Pennsylvania
(40.79372999993973, -77.86069999960512)"
2001,Massachusetts,0.14800000000000002,0.047,0.299,0.506,"Massachusetts
(42.27687000005062, -72.08269000004333)"
1995,Minnesota,0.174,0.028999999999999998,0.23600000000000002,0.561,"Minnesota
(46.3556499998478, -94.79419999982997)"
1995,Arizona,0.203,0.024,0.256,0.517,"Arizona
(34.86596999961597, -111.76380999973156)"
2003,Colorado,0.138,0.047,0.272,0.542,"Colorado
(38.842890000173554, -106.13314000041055)"
1995,Florida,0.203,0.027000000000000003,0.285,0.485,"Florida
(28.932039999846268, -81.9289599999039)"
2006,Nevada,0.156,0.065,0.256,0.523,"Nevada
(39.49323999972637, -117.07183999971608)"
2007,Delaware,0.151,0.038,0.261,0.5489999999999999,"Delaware
(39.00883000020451, -75.57774000040052)"
2000,Arizona,0.135,0.052000000000000005,0.217,0.597,"Arizona
(34.86596999961597, -111.76380999973156)"
2007,Massachusetts,0.12,0.044000000000000004,0.285,0.551,"Massachusetts
(42.27687000005062, -72.08269000004333)"
2005,California,0.098,0.053,0.233,0.615,"California
(37.638300000444815, -120.99958999997835)"
2004,Texas,0.136,0.069,0.20199999999999999,0.593,"Texas
(31.82724000022597, -99.42676999973554)"
2001,West Virginia,0.235,0.046,0.247,0.47100000000000003,"West Virginia
(38.66550999958696, -80.71263999973604)"
2008,Rhode Island,0.134,0.04,0.281,0.545,"Rhode Island
(41.70828000002217, -71.5224700001902)"
2007,Nebraska,0.145,0.055,0.23800000000000002,0.562,"Nebraska
(41.6410400000961, -99.36572999973953)"
2003,Illinois,0.171,0.063,0.244,0.522,"Illinois
(40.485010000411364, -88.99770999971656)"
2002,Wyoming,0.192,0.044000000000000004,0.265,0.498,"Wyoming
(43.23553999957147, -108.10982999975454)"
1996,Missouri,0.226,0.052000000000000005,0.247,0.475,"Missouri
(38.63578999960896, -92.5663000000448)"
1995,New York,0.191,0.022000000000000002,0.253,0.534,"New York
(42.82699999955048, -75.54396999981549)"
1998,Indiana,0.207,0.053,0.26,0.48,"Indiana
(39.76690999989677, -86.14996000035359)"
2003,Kentucky,0.268,0.04,0.225,0.467,"Kentucky
(37.645969999815804, -84.77496999996538)"
1999,Connecticut,0.175,0.053,0.253,0.519,"Connecticut
(41.56265999995918, -72.6498400002157)"
1999,Michigan,0.195,0.055999999999999994,0.23600000000000002,0.513,"Michigan
(44.661320000317914, -84.71438999959867)"
2006,Indiana,0.18600000000000003,0.055,0.233,0.527,"Indiana
(39.76690999989677, -86.14996000035359)"
2001,Iowa,0.17,0.051,0.24600000000000002,0.532,"Iowa
(42.469390000048634, -93.81649000001335)"
2002,Montana,0.157,0.055,0.261,0.527,"Montana
(47.06653000015956, -109.42441999998289)"
2000,New York,0.159,0.057,0.256,0.529,"New York
(42.82699999955048, -75.54396999981549)"
1999,Pennsylvania,0.184,0.047,0.233,0.536,"Pennsylvania
(40.79372999993973, -77.86069999960512)"
1999,Georgia,0.183,0.054000000000000006,0.225,0.537,"Georgia
(32.83967999993223, -83.62758000031658)"
2009,Idaho,0.12300000000000001,0.04,0.221,0.616,"Idaho
(43.682590000228515, -114.36368000023168)"
1997,North Carolina,0.21,0.049,0.22399999999999998,0.518,"North Carolina
(35.46624999963797, -79.1593199999179)"
2004,Alabama,0.187,0.061,0.209,0.5429999999999999,"Alabama
(32.840569999605975, -86.63186000013877)"
1997,Nevada,0.23399999999999999,0.046,0.254,0.466,"Nevada
(39.49323999972637, -117.07183999971608)"
1995,Colorado,0.179,0.036000000000000004,0.27399999999999997,0.511,"Colorado
(38.842890000173554, -106.13314000041055)"
1995,New Mexico,0.17600000000000002,0.031,0.27699999999999997,0.517,"New Mexico
(34.52088000011207, -106.24057999976702)"
1998,South Carolina,0.196,0.051,0.207,0.546,"South Carolina
(33.99855000018255, -81.0452500001872)"
2003,South Dakota,0.16399999999999998,0.063,0.253,0.52,"South Dakota
(44.353130000049646, -100.37353000040906)"
2003,Oregon,0.158,0.052000000000000005,0.267,0.524,"Oregon
(44.567449999917756, -120.15502999983448)"
2003,Iowa,0.162,0.054000000000000006,0.245,0.5379999999999999,"Iowa
(42.469390000048634, -93.81649000001335)"
1998,North Dakota,0.17,0.03,0.282,0.518,"North Dakota
(47.475320000018144, -100.11841999998285)"
2002,North Dakota,0.16399999999999998,0.051,0.265,0.52,"North Dakota
(47.475320000018144, -100.11841999998285)"
2010,South Carolina,0.14,0.07,0.24100000000000002,0.5489999999999999,"South Carolina
(33.99855000018255, -81.0452500001872)"
2006,Delaware,0.16699999999999998,0.051,0.273,0.509,"Delaware
(39.00883000020451, -75.57774000040052)"
2002,Indiana,0.23,0.047,0.233,0.491,"Indiana
(39.76690999989677, -86.14996000035359)"
2003,Mississippi,0.19699999999999998,0.057999999999999996,0.207,0.5379999999999999,"Mississippi
(32.7455100000866, -89.53803000008429)"
1995,South Dakota,0.198,0.019,0.24,0.542,"South Dakota
(44.353130000049646, -100.37353000040906)"
1996,Mississippi,0.19699999999999998,0.035,0.21100000000000002,0.557,"Mississippi
(32.7455100000866, -89.53803000008429)"
1998,Utah,0.105,0.037000000000000005,0.187,0.6709999999999999,"Utah
(39.36070000030492, -111.58712999994941)"
2003,Tennessee,0.21100000000000002,0.045,0.18899999999999997,0.5539999999999999,"Tennessee
(35.68094000038087, -85.77449000011325)"
2009,Illinois,0.12,0.066,0.231,0.583,"Illinois
(40.485010000411364, -88.99770999971656)"
1998,Nebraska,0.174,0.046,0.244,0.535,"Nebraska
(41.6410400000961, -99.36572999973953)"
2005,Oregon,0.134,0.051,0.27399999999999997,0.54,"Oregon
(44.567449999917756, -120.15502999983448)"
1999,Arizona,0.179,0.022000000000000002,0.17800000000000002,0.621,"Arizona
(34.86596999961597, -111.76380999973156)"
1998,Wisconsin,0.187,0.047,0.294,0.47200000000000003,"Wisconsin
(44.39319000021851, -89.81636999977553)"
2009,Vermont,0.125,0.046,0.316,0.513,"Vermont
(43.625379999687425, -72.51764000028561)"
2003,Wisconsin,0.17300000000000001,0.047,0.273,0.507,"Wisconsin
(44.39319000021851, -89.81636999977553)"
2010,Oregon,0.11,0.040999999999999995,0.282,0.5670000000000001,"Oregon
(44.567449999917756, -120.15502999983448)"
2003,Arkansas,0.205,0.042,0.254,0.498,"Arkansas
(34.748649999697875, -92.27448999971358)"
2001,Idaho,0.152,0.044000000000000004,0.244,0.56,"Idaho
(43.682590000228515, -114.36368000023168)"
2006,North Carolina,0.17,0.051,0.24100000000000002,0.539,"North Carolina
(35.46624999963797, -79.1593199999179)"
2004,Ohio,0.20800000000000002,0.05,0.221,0.52,"Ohio
(40.06020999969189, -82.40426000019869)"
1997,Florida,0.198,0.038,0.264,0.5,"Florida
(28.932039999846268, -81.9289599999039)"
1997,Wisconsin,0.19699999999999998,0.035,0.253,0.515,"Wisconsin
(44.39319000021851, -89.81636999977553)"
2003,Florida,0.174,0.065,0.268,0.493,"Florida
(28.932039999846268, -81.9289599999039)"
2009,Arizona,0.11,0.051,0.26,0.578,"Arizona
(34.86596999961597, -111.76380999973156)"
2003,Minnesota,0.159,0.052000000000000005,0.28300000000000003,0.506,"Minnesota
(46.3556499998478, -94.79419999982997)"
2005,Kansas,0.136,0.042,0.244,0.578,"Kansas
(38.34774000000118, -98.20077999969709)"
2004,Colorado,0.138,0.062,0.244,0.556,"Colorado
(38.842890000173554, -106.13314000041055)"
1999,Missouri,0.22699999999999998,0.043,0.247,0.48200000000000004,"Missouri
(38.63578999960896, -92.5663000000448)"
2008,Colorado,0.12300000000000001,0.054000000000000006,0.249,0.575,"Colorado
(38.842890000173554, -106.13314000041055)"
1998,Connecticut,0.153,0.055999999999999994,0.282,0.509,"Connecticut
(41.56265999995918, -72.6498400002157)"
1996,California,0.13,0.055999999999999994,0.25,0.564,"California
(37.638300000444815, -120.99958999997835)"
2006,Iowa,0.171,0.043,0.237,0.5479999999999999,"Iowa
(42.469390000048634, -93.81649000001335)"
2009,North Carolina,0.14400000000000002,0.059000000000000004,0.262,0.535,"North Carolina
(35.46624999963797, -79.1593199999179)"
2010,New Hampshire,0.124,0.045,0.307,0.524,"New Hampshire
(43.65595000019255, -71.50036000041354)"
2005,New Hampshire,0.154,0.05,0.295,0.501,"New Hampshire
(43.65595000019255, -71.50036000041354)"
2005,Hawaii,0.121,0.049,0.262,0.568,"Hawaii
(21.304850000427336, -157.85774999956269)"
2005,Nebraska,0.161,0.052000000000000005,0.22699999999999998,0.561,"Nebraska
(41.6410400000961, -99.36572999973953)"
2002,Kansas,0.17600000000000002,0.045,0.243,0.536,"Kansas
(38.34774000000118, -98.20077999969709)"
1995,West Virginia,0.237,0.019,0.233,0.511,"West Virginia
(38.66550999958696, -80.71263999973604)"
2004,Georgia,0.15,0.05,0.209,0.591,"Georgia
(32.83967999993223, -83.62758000031658)"
2007,Utah,0.083,0.034,0.158,0.725,"Utah
(39.36070000030492, -111.58712999994941)"
2009,Kentucky,0.20600000000000002,0.05,0.253,0.491,"Kentucky
(37.645969999815804, -84.77496999996538)"
1997,Maine,0.198,0.028999999999999998,0.31,0.46299999999999997,"Maine
(45.25423000041434, -68.9850299999344)"
2006,Colorado,0.12300000000000001,0.055999999999999994,0.245,0.5760000000000001,"Colorado
(38.842890000173554, -106.13314000041055)"
2008,New Hampshire,0.128,0.042,0.311,0.519,"New Hampshire
(43.65595000019255, -71.50036000041354)"
1998,Oklahoma,0.20199999999999999,0.036000000000000004,0.196,0.565,"Oklahoma
(35.4720099999617, -97.52034999975251)"
2000,Mississippi,0.188,0.047,0.205,0.56,"Mississippi
(32.7455100000866, -89.53803000008429)"
2007,New Mexico,0.131,0.076,0.248,0.544,"New Mexico
(34.52088000011207, -106.24057999976702)"
2009,Minnesota,0.113,0.055,0.264,0.568,"Minnesota
(46.3556499998478, -94.79419999982997)"
2004,North Carolina,0.17600000000000002,0.055,0.212,0.556,"North Carolina
(35.46624999963797, -79.1593199999179)"
2010,Delaware,0.128,0.045,0.268,0.56,"Delaware
(39.00883000020451, -75.57774000040052)"
2003,Idaho,0.15,0.04,0.235,0.5760000000000001,"Idaho
(43.682590000228515, -114.36368000023168)"
1998,Washington,0.16899999999999998,0.045,0.276,0.511,"Washington
(47.522280000022135, -120.47001000026114)"
2004,Utah,0.078,0.027000000000000003,0.158,0.738,"Utah
(39.36070000030492, -111.58712999994941)"
2007,Kentucky,0.235,0.047,0.239,0.479,"Kentucky
(37.645969999815804, -84.77496999996538)"
1995,Massachusetts,0.188,0.027999999999999997,0.3,0.484,"Massachusetts
(42.27687000005062, -72.08269000004333)"
2009,Delaware,0.133,0.05,0.284,0.534,"Delaware
(39.00883000020451, -75.57774000040052)"
2000,Alaska,0.18600000000000003,0.064,0.281,0.46799999999999997,"Alaska
(64.84507999974238, -147.72205999986895)"
2001,Louisiana,0.19,0.055999999999999994,0.19899999999999998,0.5539999999999999,"Louisiana
(31.31265999975932, -92.44567999993188)"
2008,Kentucky,0.205,0.047,0.253,0.495,"Kentucky
(37.645969999815804, -84.77496999996538)"
1996,West Virginia,0.239,0.027999999999999997,0.22899999999999998,0.505,"West Virginia
(38.66550999958696, -80.71263999973604)"
2010,Hawaii,0.107,0.038,0.253,0.602,"Hawaii
(21.304850000427336, -157.85774999956269)"
2001,Minnesota,0.16899999999999998,0.053,0.28300000000000003,0.495,"Minnesota
(46.3556499998478, -94.79419999982997)"
2000,North Dakota,0.175,0.057999999999999996,0.23399999999999999,0.534,"North Dakota
(47.475320000018144, -100.11841999998285)"
1999,Florida,0.163,0.043,0.268,0.526,"Florida
(28.932039999846268, -81.9289599999039)"
2001,Oklahoma,0.231,0.055999999999999994,0.218,0.495,"Oklahoma
(35.4720099999617, -97.52034999975251)"
2000,Virginia,0.161,0.053,0.233,0.5529999999999999,"Virginia
(37.54268000028196, -78.45789000012326)"
1998,Montana,0.185,0.028999999999999998,0.267,0.518,"Montana
(47.06653000015956, -109.42441999998289)"
1997,Oregon,0.162,0.045,0.304,0.489,"Oregon
(44.567449999917756, -120.15502999983448)"
2004,New Mexico,0.132,0.071,0.24100000000000002,0.556,"New Mexico
(34.52088000011207, -106.24057999976702)"
2002,Maryland,0.163,0.055999999999999994,0.237,0.544,"Maryland
(39.29057999976732, -76.6092600004485)"
2000,Utah,0.096,0.033,0.184,0.688,"Utah
(39.36070000030492, -111.58712999994941)"
2008,New York,0.11800000000000001,0.05,0.254,0.578,"New York
(42.82699999955048, -75.54396999981549)"
2002,New Jersey,0.14,0.05,0.26,0.55,"New Jersey
(40.13056999960594, -74.2736899996936)"
2004,New Hampshire,0.165,0.051,0.285,0.498,"New Hampshire
(43.65595000019255, -71.50036000041354)"
2009,Pennsylvania,0.151,0.051,0.26,0.537,"Pennsylvania
(40.79372999993973, -77.86069999960512)"
1997,Hawaii,0.14300000000000002,0.044000000000000004,0.264,0.5489999999999999,"Hawaii
(21.304850000427336, -157.85774999956269)"
2003,Washington,0.146,0.05,0.262,0.542,"Washington
(47.522280000022135, -120.47001000026114)"
1999,South Dakota,0.17600000000000002,0.048,0.251,0.524,"South Dakota
(44.353130000049646, -100.37353000040906)"
2006,Tennessee,0.184,0.040999999999999995,0.235,0.539,"Tennessee
(35.68094000038087, -85.77449000011325)"
2000,Wisconsin,0.18100000000000002,0.06,0.271,0.488,"Wisconsin
(44.39319000021851, -89.81636999977553)"
2008,Louisiana,0.16,0.045,0.19899999999999998,0.597,"Louisiana
(31.31265999975932, -92.44567999993188)"
1998,Arizona,0.198,0.021,0.17300000000000001,0.609,"Arizona
(34.86596999961597, -111.76380999973156)"
1997,Massachusetts,0.16399999999999998,0.040999999999999995,0.297,0.498,"Massachusetts
(42.27687000005062, -72.08269000004333)"
1999,Kansas,0.18100000000000002,0.03,0.225,0.564,"Kansas
(38.34774000000118, -98.20077999969709)"
1996,Vermont,0.18899999999999997,0.052000000000000005,0.292,0.467,"Vermont
(43.625379999687425, -72.51764000028561)"
2006,Kansas,0.152,0.048,0.24100000000000002,0.5589999999999999,"Kansas
(38.34774000000118, -98.20077999969709)"
2002,West Virginia,0.23800000000000002,0.047,0.242,0.474,"West Virginia
(38.66550999958696, -80.71263999973604)"
2005,Arizona,0.13699999999999998,0.066,0.255,0.5429999999999999,"Arizona
(34.86596999961597, -111.76380999973156)"
2008,Kansas,0.132,0.047,0.23199999999999998,0.59,"Kansas
(38.34774000000118, -98.20077999969709)"
2003,Rhode Island,0.172,0.051,0.29100000000000004,0.485,"Rhode Island
(41.70828000002217, -71.5224700001902)"
2000,Indiana,0.22399999999999998,0.046,0.226,0.505,"Indiana
(39.76690999989677, -86.14996000035359)"
2000,Connecticut,0.153,0.046,0.278,0.523,"Connecticut
(41.56265999995918, -72.6498400002157)"
2003,Georgia,0.165,0.062,0.217,0.556,"Georgia
(32.83967999993223, -83.62758000031658)"
1995,Maryland,0.18,0.031,0.20600000000000002,0.583,"Maryland
(39.29057999976732, -76.6092600004485)"
2004,Wyoming,0.165,0.052000000000000005,0.249,0.534,"Wyoming
(43.23553999957147, -108.10982999975454)"
1999,Kentucky,0.256,0.042,0.23199999999999998,0.47100000000000003,"Kentucky
(37.645969999815804, -84.77496999996538)"
1999,Hawaii,0.14400000000000002,0.040999999999999995,0.22899999999999998,0.586,"Hawaii
(21.304850000427336, -157.85774999956269)"
2008,Idaho,0.125,0.044000000000000004,0.21899999999999997,0.612,"Idaho
(43.682590000228515, -114.36368000023168)"
2009,Missouri,0.183,0.048,0.248,0.521,"Missouri
(38.63578999960896, -92.5663000000448)"
2006,Missouri,0.18600000000000003,0.046,0.268,0.5,"Missouri
(38.63578999960896, -92.5663000000448)"
2008,Maine,0.14,0.040999999999999995,0.317,0.501,"Maine
(45.25423000041434, -68.9850299999344)"
2009,District of Columbia,0.091,0.062,0.242,0.606,"District of Columbia
(38.89036999987576, -77.03195999965413)"
2010,Texas,0.105,0.053,0.213,0.629,"Texas
(31.82724000022597, -99.42676999973554)"
2007,Idaho,0.145,0.046,0.226,0.583,"Idaho
(43.682590000228515, -114.36368000023168)"
1996,Michigan,0.21,0.047,0.259,0.485,"Michigan
(44.661320000317914, -84.71438999959867)"
2001,Connecticut,0.149,0.057999999999999996,0.289,0.505,"Connecticut
(41.56265999995918, -72.6498400002157)"
1996,Georgia,0.17300000000000001,0.03,0.142,0.6559999999999999,"Georgia
(32.83967999993223, -83.62758000031658)"
2002,Massachusetts,0.14400000000000002,0.045,0.29100000000000004,0.52,"Massachusetts
(42.27687000005062, -72.08269000004333)"
1996,Illinois,0.204,0.044000000000000004,0.23399999999999999,0.518,"Illinois
(40.485010000411364, -88.99770999971656)"
2008,Pennsylvania,0.156,0.057,0.253,0.5329999999999999,"Pennsylvania
(40.79372999993973, -77.86069999960512)"
2005,Alaska,0.188,0.062,0.23800000000000002,0.512,"Alaska
(64.84507999974238, -147.72205999986895)"
2004,California,0.1,0.047,0.242,0.611,"California
(37.638300000444815, -120.99958999997835)"
1998,Virginia,0.18100000000000002,0.048,0.23199999999999998,0.539,"Virginia
(37.54268000028196, -78.45789000012326)"
1996,North Dakota,0.195,0.039,0.255,0.512,"North Dakota
(47.475320000018144, -100.11841999998285)"
1997,California,0.126,0.059000000000000004,0.26899999999999996,0.546,"California
(37.638300000444815, -120.99958999997835)"
2004,Minnesota,0.152,0.055,0.268,0.525,"Minnesota
(46.3556499998478, -94.79419999982997)"
2009,Arkansas,0.155,0.059000000000000004,0.281,0.504,"Arkansas
(34.748649999697875, -92.27448999971358)"
2008,Oregon,0.11800000000000001,0.045,0.247,0.59,"Oregon
(44.567449999917756, -120.15502999983448)"
2010,Minnesota,0.113,0.036000000000000004,0.259,0.5920000000000001,"Minnesota
(46.3556499998478, -94.79419999982997)"
2000,Wyoming,0.182,0.055999999999999994,0.251,0.511,"Wyoming
(43.23553999957147, -108.10982999975454)"
2006,Louisiana,0.177,0.057,0.201,0.564,"Louisiana
(31.31265999975932, -92.44567999993188)"
2002,Nebraska,0.17800000000000002,0.049,0.22899999999999998,0.544,"Nebraska
(41.6410400000961, -99.36572999973953)"
2000,Washington,0.14800000000000002,0.059000000000000004,0.28800000000000003,0.505,"Washington
(47.522280000022135, -120.47001000026114)"
2002,Virginia,0.19399999999999998,0.053,0.22399999999999998,0.53,"Virginia
(37.54268000028196, -78.45789000012326)"
2009,Colorado,0.121,0.05,0.255,0.574,"Colorado
(38.842890000173554, -106.13314000041055)"
1995,Alabama,0.21899999999999997,0.021,0.21100000000000002,0.5479999999999999,"Alabama
(32.840569999605975, -86.63186000013877)"
2000,Hawaii,0.158,0.039,0.242,0.562,"Hawaii
(21.304850000427336, -157.85774999956269)"
2003,Massachusetts,0.145,0.046,0.31,0.499,"Massachusetts
(42.27687000005062, -72.08269000004333)"
2002,Hawaii,0.171,0.039,0.243,0.547,"Hawaii
(21.304850000427336, -157.85774999956269)"
1999,Alabama,0.18100000000000002,0.053,0.242,0.523,"Alabama
(32.840569999605975, -86.63186000013877)"
2008,Florida,0.128,0.047,0.261,0.564,"Florida
(28.932039999846268, -81.9289599999039)"
2005,Louisiana,0.16399999999999998,0.061,0.21,0.565,"Louisiana
(31.31265999975932, -92.44567999993188)"
2001,District of Columbia,0.122,0.085,0.233,0.5589999999999999,"District of Columbia
(38.89036999987576, -77.03195999965413)"
1997,Idaho,0.156,0.043,0.243,0.5579999999999999,"Idaho
(43.682590000228515, -114.36368000023168)"
2010,Pennsylvania,0.134,0.05,0.262,0.5539999999999999,"Pennsylvania
(40.79372999993973, -77.86069999960512)"
2004,West Virginia,0.218,0.051,0.251,0.48,"West Virginia
(38.66550999958696, -80.71263999973604)"
2000,Oregon,0.153,0.054000000000000006,0.28300000000000003,0.509,"Oregon
(44.567449999917756, -120.15502999983448)"
2005,New Jersey,0.128,0.052000000000000005,0.255,0.565,"New Jersey
(40.13056999960594, -74.2736899996936)"
2006,Arizona,0.121,0.061,0.249,0.569,"Arizona
(34.86596999961597, -111.76380999973156)"
2002,California,0.111,0.053,0.239,0.596,"California
(37.638300000444815, -120.99958999997835)"
1998,Oregon,0.163,0.048,0.27399999999999997,0.516,"Oregon
(44.567449999917756, -120.15502999983448)"
2004,Kansas,0.153,0.045,0.217,0.585,"Kansas
(38.34774000000118, -98.20077999969709)"
2004,New Jersey,0.13,0.057999999999999996,0.244,0.568,"New Jersey
(40.13056999960594, -74.2736899996936)"
2004,New York,0.142,0.057,0.242,0.5589999999999999,"New York
(42.82699999955048, -75.54396999981549)"
1996,Nevada,0.251,0.03,0.268,0.45,"Nevada
(39.49323999972637, -117.07183999971608)"
2000,Minnesota,0.152,0.045,0.231,0.5710000000000001,"Minnesota
(46.3556499998478, -94.79419999982997)"
1999,Minnesota,0.151,0.044000000000000004,0.2,0.605,"Minnesota
(46.3556499998478, -94.79419999982997)"
2004,Nevada,0.165,0.068,0.244,0.523,"Nevada
(39.49323999972637, -117.07183999971608)"
2000,Alabama,0.193,0.059000000000000004,0.24,0.508,"Alabama
(32.840569999605975, -86.63186000013877)"
1997,Ohio,0.23199999999999998,0.019,0.22699999999999998,0.522,"Ohio
(40.06020999969189, -82.40426000019869)"
1995,Arkansas,0.22699999999999998,0.023,0.235,0.515,"Arkansas
(34.748649999697875, -92.27448999971358)"
2003,North Dakota,0.161,0.044000000000000004,0.256,0.539,"North Dakota
(47.475320000018144, -100.11841999998285)"
1999,Oklahoma,0.22399999999999998,0.027999999999999997,0.187,0.561,"Oklahoma
(35.4720099999617, -97.52034999975251)"
2002,Delaware,0.195,0.051,0.263,0.49,"Delaware
(39.00883000020451, -75.57774000040052)"
2010,New Mexico,0.114,0.071,0.247,0.569,"New Mexico
(34.52088000011207, -106.24057999976702)"
2009,North Dakota,0.134,0.052000000000000005,0.24,0.574,"North Dakota
(47.475320000018144, -100.11841999998285)"
2005,Wisconsin,0.159,0.049,0.261,0.532,"Wisconsin
(44.39319000021851, -89.81636999977553)"
2009,Alabama,0.165,0.06,0.228,0.546,"Alabama
(32.840569999605975, -86.63186000013877)"
2000,South Dakota,0.168,0.051,0.24600000000000002,0.535,"South Dakota
(44.353130000049646, -100.37353000040906)"
2004,Maine,0.17,0.039,0.313,0.478,"Maine
(45.25423000041434, -68.9850299999344)"
1997,South Carolina,0.20199999999999999,0.032,0.2,0.5660000000000001,"South Carolina
(33.99855000018255, -81.0452500001872)"
2002,Utah,0.099,0.027999999999999997,0.171,0.701,"Utah
(39.36070000030492, -111.58712999994941)"
2002,Oregon,0.17300000000000001,0.051,0.281,0.494,"Oregon
(44.567449999917756, -120.15502999983448)"
2001,Mississippi,0.196,0.057,0.21100000000000002,0.536,"Mississippi
(32.7455100000866, -89.53803000008429)"
2003,North Carolina,0.188,0.06,0.23199999999999998,0.52,"North Carolina
(35.46624999963797, -79.1593199999179)"
2009,Indiana,0.171,0.06,0.237,0.532,"Indiana
(39.76690999989677, -86.14996000035359)"
1999,West Virginia,0.23800000000000002,0.033,0.23800000000000002,0.49,"West Virginia
(38.66550999958696, -80.71263999973604)"
2000,Idaho,0.16899999999999998,0.054000000000000006,0.24600000000000002,0.531,"Idaho
(43.682590000228515, -114.36368000023168)"
1996,Wisconsin,0.19699999999999998,0.052000000000000005,0.259,0.49200000000000005,"Wisconsin
(44.39319000021851, -89.81636999977553)"
1996,Texas,0.17,0.059000000000000004,0.212,0.5589999999999999,"Texas
(31.82724000022597, -99.42676999973554)"
2004,Oregon,0.14300000000000002,0.057999999999999996,0.247,0.5529999999999999,"Oregon
(44.567449999917756, -120.15502999983448)"
2002,Iowa,0.188,0.043,0.23399999999999999,0.534,"Iowa
(42.469390000048634, -93.81649000001335)"
2004,Mississippi,0.18100000000000002,0.065,0.193,0.562,"Mississippi
(32.7455100000866, -89.53803000008429)"
1999,Oregon,0.161,0.054000000000000006,0.281,0.505,"Oregon
(44.567449999917756, -120.15502999983448)"
2006,Maryland,0.13,0.047,0.226,0.597,"Maryland
(39.29057999976732, -76.6092600004485)"
1998,Maine,0.19399999999999998,0.028999999999999998,0.313,0.46399999999999997,"Maine
(45.25423000041434, -68.9850299999344)"
1996,Colorado,0.16699999999999998,0.061,0.242,0.531,"Colorado
(38.842890000173554, -106.13314000041055)"
1995,Wyoming,0.191,0.028999999999999998,0.268,0.512,"Wyoming
(43.23553999957147, -108.10982999975454)"
2001,Michigan,0.19699999999999998,0.059000000000000004,0.257,0.48700000000000004,"Michigan
(44.661320000317914, -84.71438999959867)"
1997,Montana,0.18,0.025,0.266,0.529,"Montana
(47.06653000015956, -109.42441999998289)"
1996,Idaho,0.168,0.044000000000000004,0.228,0.56,"Idaho
(43.682590000228515, -114.36368000023168)"
1999,North Carolina,0.21,0.042,0.23199999999999998,0.516,"North Carolina
(35.46624999963797, -79.1593199999179)"
1998,Colorado,0.171,0.057,0.243,0.529,"Colorado
(38.842890000173554, -106.13314000041055)"
2010,Rhode Island,0.109,0.048,0.284,0.5589999999999999,"Rhode Island
(41.70828000002217, -71.5224700001902)"
2008,Virginia,0.124,0.040999999999999995,0.24,0.595,"Virginia
(37.54268000028196, -78.45789000012326)"
1998,Tennessee,0.22699999999999998,0.033,0.215,0.524,"Tennessee
(35.68094000038087, -85.77449000011325)"
2009,Wyoming,0.153,0.046,0.261,0.54,"Wyoming
(43.23553999957147, -108.10982999975454)"
1997,Iowa,0.187,0.044000000000000004,0.24,0.529,"Iowa
(42.469390000048634, -93.81649000001335)"
1995,Hawaii,0.151,0.025,0.21600000000000003,0.609,"Hawaii
(21.304850000427336, -157.85774999956269)"
2006,New Mexico,0.138,0.064,0.247,0.551,"New Mexico
(34.52088000011207, -106.24057999976702)"
2008,Nevada,0.16399999999999998,0.057999999999999996,0.251,0.527,"Nevada
(39.49323999972637, -117.07183999971608)"
1995,Idaho,0.18,0.016,0.24100000000000002,0.562,"Idaho
(43.682590000228515, -114.36368000023168)"
2007,Arizona,0.136,0.061,0.24,0.562,"Arizona
(34.86596999961597, -111.76380999973156)"
2010,Alaska,0.135,0.068,0.261,0.536,"Alaska
(64.84507999974238, -147.72205999986895)"
2010,Missouri,0.166,0.044000000000000004,0.261,0.528,"Missouri
(38.63578999960896, -92.5663000000448)"
1996,Massachusetts,0.184,0.049,0.304,0.462,"Massachusetts
(42.27687000005062, -72.08269000004333)"
1995,Vermont,0.18899999999999997,0.032,0.315,0.465,"Vermont
(43.625379999687425, -72.51764000028561)"
2007,District of Columbia,0.111,0.061,0.22399999999999998,0.604,"District of Columbia
(38.89036999987576, -77.03195999965413)"
1995,New Jersey,0.153,0.037000000000000005,0.253,0.557,"New Jersey
(40.13056999960594, -74.2736899996936)"
2004,North Dakota,0.14800000000000002,0.051,0.23600000000000002,0.565,"North Dakota
(47.475320000018144, -100.11841999998285)"
2001,Arizona,0.155,0.06,0.254,0.53,"Arizona
(34.86596999961597, -111.76380999973156)"
1997,Michigan,0.212,0.048,0.25,0.489,"Michigan
(44.661320000317914, -84.71438999959867)"
1995,Illinois,0.19899999999999998,0.028999999999999998,0.237,0.534,"Illinois
(40.485010000411364, -88.99770999971656)"
2005,North Dakota,0.15,0.052000000000000005,0.255,0.544,"North Dakota
(47.475320000018144, -100.11841999998285)"
2010,Washington,0.11,0.042,0.255,0.593,"Washington
(47.522280000022135, -120.47001000026114)"
2008,Michigan,0.15,0.055,0.255,0.541,"Michigan
(44.661320000317914, -84.71438999959867)"
1995,Texas,0.19899999999999998,0.036000000000000004,0.237,0.528,"Texas
(31.82724000022597, -99.42676999973554)"
2007,Ohio,0.177,0.054000000000000006,0.248,0.521,"Ohio
(40.06020999969189, -82.40426000019869)"
2010,Georgia,0.128,0.048,0.231,0.593,"Georgia
(32.83967999993223, -83.62758000031658)"
2005,Oklahoma,0.19,0.06,0.24,0.509,"Oklahoma
(35.4720099999617, -97.52034999975251)"
2002,South Dakota,0.175,0.051,0.22399999999999998,0.55,"South Dakota
(44.353130000049646, -100.37353000040906)"
1998,Ohio,0.21600000000000003,0.045,0.23600000000000002,0.503,"Ohio
(40.06020999969189, -82.40426000019869)"
2003,Nevada,0.203,0.049,0.252,0.49700000000000005,"Nevada
(39.49323999972637, -117.07183999971608)"
2002,Mississippi,0.214,0.059000000000000004,0.2,0.527,"Mississippi
(32.7455100000866, -89.53803000008429)"
1995,Michigan,0.215,0.040999999999999995,0.28300000000000003,0.462,"Michigan
(44.661320000317914, -84.71438999959867)"
2006,Washington,0.12300000000000001,0.047,0.264,0.5660000000000001,"Washington
(47.522280000022135, -120.47001000026114)"
2007,Oregon,0.131,0.038,0.282,0.5489999999999999,"Oregon
(44.567449999917756, -120.15502999983448)"
2007,Texas,0.13,0.064,0.207,0.6,"Texas
(31.82724000022597, -99.42676999973554)"
2000,Oklahoma,0.198,0.035,0.193,0.574,"Oklahoma
(35.4720099999617, -97.52034999975251)"
2009,South Carolina,0.146,0.057,0.245,0.552,"South Carolina
(33.99855000018255, -81.0452500001872)"
1996,South Dakota,0.179,0.027999999999999997,0.252,0.541,"South Dakota
(44.353130000049646, -100.37353000040906)"
2009,New Hampshire,0.113,0.045,0.294,0.5489999999999999,"New Hampshire
(43.65595000019255, -71.50036000041354)"
2009,Wisconsin,0.126,0.061,0.26899999999999996,0.5429999999999999,"Wisconsin
(44.39319000021851, -89.81636999977553)"
2000,West Virginia,0.231,0.03,0.253,0.485,"West Virginia
(38.66550999958696, -80.71263999973604)"
2006,Kentucky,0.243,0.043,0.243,0.47200000000000003,"Kentucky
(37.645969999815804, -84.77496999996538)"
2008,South Carolina,0.14400000000000002,0.055999999999999994,0.252,0.547,"South Carolina
(33.99855000018255, -81.0452500001872)"
2006,California,0.094,0.055,0.242,0.608,"California
(37.638300000444815, -120.99958999997835)"
2003,Maine,0.19699999999999998,0.039,0.311,0.452,"Maine
(45.25423000041434, -68.9850299999344)"
1997,Kentucky,0.276,0.031,0.235,0.45799999999999996,"Kentucky
(37.645969999815804, -84.77496999996538)"
2008,Washington,0.11699999999999999,0.04,0.267,0.5760000000000001,"Washington
(47.522280000022135, -120.47001000026114)"
1995,Tennessee,0.242,0.019,0.198,0.541,"Tennessee
(35.68094000038087, -85.77449000011325)"
1997,Utah,0.111,0.026000000000000002,0.172,0.69,"Utah
(39.36070000030492, -111.58712999994941)"
2003,Kansas,0.163,0.040999999999999995,0.23,0.5660000000000001,"Kansas
(38.34774000000118, -98.20077999969709)"
1998,Kansas,0.174,0.037000000000000005,0.218,0.5710000000000001,"Kansas
(38.34774000000118, -98.20077999969709)"
1997,Delaware,0.223,0.043,0.265,0.469,"Delaware
(39.00883000020451, -75.57774000040052)"
2006,New Jersey,0.12300000000000001,0.057,0.24100000000000002,0.579,"New Jersey
(40.13056999960594, -74.2736899996936)"
2001,Virginia,0.179,0.047,0.247,0.528,"Virginia
(37.54268000028196, -78.45789000012326)"
1997,North Dakota,0.19699999999999998,0.026000000000000002,0.244,0.5329999999999999,"North Dakota
(47.475320000018144, -100.11841999998285)"
1998,Idaho,0.158,0.045,0.252,0.546,"Idaho
(43.682590000228515, -114.36368000023168)"
2005,Kentucky,0.235,0.052000000000000005,0.24,0.473,"Kentucky
(37.645969999815804, -84.77496999996538)"
1996,South Carolina,0.214,0.03,0.20199999999999999,0.5529999999999999,"South Carolina
(33.99855000018255, -81.0452500001872)"
2005,Virginia,0.153,0.053,0.24100000000000002,0.552,"Virginia
(37.54268000028196, -78.45789000012326)"
2009,Nevada,0.158,0.063,0.265,0.514,"Nevada
(39.49323999972637, -117.07183999971608)"
1998,South Dakota,0.22,0.052000000000000005,0.204,0.524,"South Dakota
(44.353130000049646, -100.37353000040906)"
2002,New York,0.16899999999999998,0.054000000000000006,0.25,0.527,"New York
(42.82699999955048, -75.54396999981549)"
2002,Rhode Island,0.175,0.049,0.29600000000000004,0.48,"Rhode Island
(41.70828000002217, -71.5224700001902)"
1996,District of Columbia,0.149,0.055999999999999994,0.17800000000000002,0.617,"District of Columbia
(38.89036999987576, -77.03195999965413)"
2001,South Carolina,0.193,0.067,0.213,0.526,"South Carolina
(33.99855000018255, -81.0452500001872)"
2007,Florida,0.14300000000000002,0.05,0.262,0.545,"Florida
(28.932039999846268, -81.9289599999039)"
2000,Nebraska,0.165,0.048,0.243,0.545,"Nebraska
(41.6410400000961, -99.36572999973953)"
2001,Georgia,0.175,0.061,0.212,0.551,"Georgia
(32.83967999993223, -83.62758000031658)"
1998,"Nationwide (States, DC, and Territories)",0.185,0.046,0.243,0.522,NA
1996,Rhode Island,0.17800000000000002,0.047,0.271,0.504,"Rhode Island
(41.70828000002217, -71.5224700001902)"
2005,Arkansas,0.18100000000000002,0.054000000000000006,0.249,0.516,"Arkansas
(34.748649999697875, -92.27448999971358)"
1995,North Carolina,0.23,0.027000000000000003,0.226,0.516,"North Carolina
(35.46624999963797, -79.1593199999179)"
2007,Mississippi,0.185,0.054000000000000006,0.212,0.5479999999999999,"Mississippi
(32.7455100000866, -89.53803000008429)"
1999,Delaware,0.207,0.048,0.239,0.506,"Delaware
(39.00883000020451, -75.57774000040052)"
2004,Louisiana,0.16899999999999998,0.066,0.2,0.565,"Louisiana
(31.31265999975932, -92.44567999993188)"
2003,New York,0.165,0.051,0.254,0.53,"New York
(42.82699999955048, -75.54396999981549)"
1995,California,0.127,0.025,0.282,0.5670000000000001,"California
(37.638300000444815, -120.99958999997835)"
2005,Idaho,0.133,0.046,0.22699999999999998,0.593,"Idaho
(43.682590000228515, -114.36368000023168)"
2002,Kentucky,0.29100000000000004,0.035,0.22,0.455,"Kentucky
(37.645969999815804, -84.77496999996538)"
2010,Nebraska,0.125,0.047,0.252,0.5760000000000001,"Nebraska
(41.6410400000961, -99.36572999973953)"
2009,Montana,0.122,0.046,0.264,0.568,"Montana
(47.06653000015956, -109.42441999998289)"
2009,Oregon,0.131,0.047,0.276,0.545,"Oregon
(44.567449999917756, -120.15502999983448)"
2002,Louisiana,0.19,0.049,0.192,0.57,"Louisiana
(31.31265999975932, -92.44567999993188)"
2008,New Jersey,0.107,0.040999999999999995,0.243,0.609,"New Jersey
(40.13056999960594, -74.2736899996936)"
1997,West Virginia,0.245,0.028999999999999998,0.243,0.48200000000000004,"West Virginia
(38.66550999958696, -80.71263999973604)"
2001,Texas,0.155,0.069,0.207,0.569,"Texas
(31.82724000022597, -99.42676999973554)"
2007,Vermont,0.138,0.038,0.307,0.517,"Vermont
(43.625379999687425, -72.51764000028561)"
1999,New Hampshire,0.18,0.043,0.29,0.48700000000000004,"New Hampshire
(43.65595000019255, -71.50036000041354)"
1998,Kentucky,0.28,0.027999999999999997,0.22899999999999998,0.46299999999999997,"Kentucky
(37.645969999815804, -84.77496999996538)"
2006,Florida,0.16,0.051,0.261,0.529,"Florida
(28.932039999846268, -81.9289599999039)"
2000,Colorado,0.15,0.05,0.262,0.5379999999999999,"Colorado
(38.842890000173554, -106.13314000041055)"
2007,Wisconsin,0.146,0.05,0.259,0.545,"Wisconsin
(44.39319000021851, -89.81636999977553)"
2008,New Mexico,0.128,0.066,0.249,0.557,"New Mexico
(34.52088000011207, -106.24057999976702)"
1998,Louisiana,0.205,0.05,0.198,0.547,"Louisiana
(31.31265999975932, -92.44567999993188)"
2002,Texas,0.166,0.062,0.209,0.562,"Texas
(31.82724000022597, -99.42676999973554)"
2004,South Dakota,0.141,0.063,0.23600000000000002,0.56,"South Dakota
(44.353130000049646, -100.37353000040906)"
1998,Iowa,0.183,0.051,0.237,0.53,"Iowa
(42.469390000048634, -93.81649000001335)"
2003,Alaska,0.193,0.07,0.261,0.47700000000000004,"Alaska
(64.84507999974238, -147.72205999986895)"
2002,New Hampshire,0.18600000000000003,0.046,0.302,0.466,"New Hampshire
(43.65595000019255, -71.50036000041354)"
2002,District of Columbia,0.134,0.07,0.204,0.5920000000000001,"District of Columbia
(38.89036999987576, -77.03195999965413)"
2010,North Dakota,0.122,0.051,0.24100000000000002,0.586,"North Dakota
(47.475320000018144, -100.11841999998285)"
2005,Maryland,0.134,0.055,0.22899999999999998,0.583,"Maryland
(39.29057999976732, -76.6092600004485)"
2000,Vermont,0.165,0.049,0.3,0.485,"Vermont
(43.625379999687425, -72.51764000028561)"
2005,Florida,0.152,0.065,0.267,0.516,"Florida
(28.932039999846268, -81.9289599999039)"
2002,Wisconsin,0.185,0.049,0.273,0.494,"Wisconsin
(44.39319000021851, -89.81636999977553)"
2001,New Hampshire,0.19,0.051,0.28800000000000003,0.47100000000000003,"New Hampshire
(43.65595000019255, -71.50036000041354)"
2001,Pennsylvania,0.18899999999999997,0.055999999999999994,0.242,0.513,"Pennsylvania
(40.79372999993973, -77.86069999960512)"
2010,District of Columbia,0.1,0.057,0.23399999999999999,0.61,"District of Columbia
(38.89036999987576, -77.03195999965413)"
2000,Maryland,0.152,0.053,0.235,0.56,"Maryland
(39.29057999976732, -76.6092600004485)"
2007,Wyoming,0.175,0.046,0.248,0.531,"Wyoming
(43.23553999957147, -108.10982999975454)"
1996,Kansas,0.18600000000000003,0.035,0.195,0.584,"Kansas
(38.34774000000118, -98.20077999969709)"
1999,Maine,0.198,0.035,0.295,0.47200000000000003,"Maine
(45.25423000041434, -68.9850299999344)"
1997,Kansas,0.183,0.043,0.19399999999999998,0.58,"Kansas
(38.34774000000118, -98.20077999969709)"
2010,South Dakota,0.113,0.040999999999999995,0.27,0.5760000000000001,"South Dakota
(44.353130000049646, -100.37353000040906)"
1996,New Hampshire,0.20600000000000002,0.042,0.29100000000000004,0.461,"New Hampshire
(43.65595000019255, -71.50036000041354)"
2000,Montana,0.159,0.028999999999999998,0.298,0.514,"Montana
(47.06653000015956, -109.42441999998289)"
2004,Idaho,0.134,0.040999999999999995,0.23399999999999999,0.5920000000000001,"Idaho
(43.682590000228515, -114.36368000023168)"
1996,Indiana,0.249,0.037000000000000005,0.237,0.47600000000000003,"Indiana
(39.76690999989677, -86.14996000035359)"
2006,Alabama,0.17600000000000002,0.055,0.23399999999999999,0.535,"Alabama
(32.840569999605975, -86.63186000013877)"
2006,Idaho,0.129,0.039,0.23,0.602,"Idaho
(43.682590000228515, -114.36368000023168)"
1999,New Jersey,0.146,0.06,0.213,0.581,"New Jersey
(40.13056999960594, -74.2736899996936)"
2010,Mississippi,0.171,0.057999999999999996,0.22,0.55,"Mississippi
(32.7455100000866, -89.53803000008429)"
2001,Ohio,0.21899999999999997,0.057999999999999996,0.23399999999999999,0.49,"Ohio
(40.06020999969189, -82.40426000019869)"
2007,Connecticut,0.113,0.040999999999999995,0.305,0.541,"Connecticut
(41.56265999995918, -72.6498400002157)"
2001,Nevada,0.20800000000000002,0.061,0.262,0.469,"Nevada
(39.49323999972637, -117.07183999971608)"
2000,New Mexico,0.16899999999999998,0.066,0.258,0.506,"New Mexico
(34.52088000011207, -106.24057999976702)"
2010,Montana,0.135,0.053,0.272,0.54,"Montana
(47.06653000015956, -109.42441999998289)"
1999,Mississippi,0.185,0.044000000000000004,0.203,0.568,"Mississippi
(32.7455100000866, -89.53803000008429)"
2006,Maine,0.159,0.05,0.304,0.48700000000000004,"Maine
(45.25423000041434, -68.9850299999344)"
2005,Utah,0.085,0.03,0.16,0.725,"Utah
(39.36070000030492, -111.58712999994941)"
2006,Georgia,0.141,0.057999999999999996,0.212,0.588,"Georgia
(32.83967999993223, -83.62758000031658)"
2010,Kentucky,0.193,0.055,0.26,0.49200000000000005,"Kentucky
(37.645969999815804, -84.77496999996538)"
1997,Minnesota,0.16699999999999998,0.052000000000000005,0.22399999999999998,0.557,"Minnesota
(46.3556499998478, -94.79419999982997)"
1999,Alaska,0.192,0.081,0.257,0.47,"Alaska
(64.84507999974238, -147.72205999986895)"
2010,Maryland,0.105,0.047,0.239,0.609,"Maryland
(39.29057999976732, -76.6092600004485)"
2007,Minnesota,0.124,0.040999999999999995,0.276,0.5589999999999999,"Minnesota
(46.3556499998478, -94.79419999982997)"
1998,Alaska,0.198,0.063,0.254,0.484,"Alaska
(64.84507999974238, -147.72205999986895)"
1996,Hawaii,0.183,0.04,0.24100000000000002,0.537,"Hawaii
(21.304850000427336, -157.85774999956269)"
2002,Oklahoma,0.218,0.048,0.218,0.516,"Oklahoma
(35.4720099999617, -97.52034999975251)"
2005,Wyoming,0.163,0.051,0.267,0.519,"Wyoming
(43.23553999957147, -108.10982999975454)"
2002,Pennsylvania,0.195,0.051,0.257,0.49700000000000005,"Pennsylvania
(40.79372999993973, -77.86069999960512)"
1997,Arizona,0.184,0.027000000000000003,0.136,0.653,"Arizona
(34.86596999961597, -111.76380999973156)"
2009,West Virginia,0.207,0.049,0.245,0.499,"West Virginia
(38.66550999958696, -80.71263999973604)"
2008,West Virginia,0.215,0.051,0.254,0.48100000000000004,"West Virginia
(38.66550999958696, -80.71263999973604)"
2003,Michigan,0.207,0.054000000000000006,0.258,0.48100000000000004,"Michigan
(44.661320000317914, -84.71438999959867)"
2009,Connecticut,0.107,0.047,0.282,0.563,"Connecticut
(41.56265999995918, -72.6498400002157)"
1998,District of Columbia,0.151,0.066,0.17,0.613,"District of Columbia
(38.89036999987576, -77.03195999965413)"
2007,California,0.08800000000000001,0.055,0.22899999999999998,0.628,"California
(37.638300000444815, -120.99958999997835)"
2006,Vermont,0.14,0.04,0.309,0.511,"Vermont
(43.625379999687425, -72.51764000028561)"
2010,"Nationwide (States, DC, and Territories)",0.12300000000000001,0.048,0.247,0.568,NA
2010,Nationwide (States and DC),0.124,0.048,0.251,0.5660000000000001,NA
2009,"Nationwide (States, DC, and Territories)",0.127,0.05,0.255,0.555,NA
2009,Nationwide (States and DC),0.128,0.05,0.255,0.5529999999999999,NA
2008,"Nationwide (States, DC, and Territories)",0.134,0.049,0.251,0.555,NA
2008,Nationwide (States and DC),0.134,0.049,0.252,0.5539999999999999,NA
2007,"Nationwide (States, DC, and Territories)",0.145,0.052000000000000005,0.244,0.5489999999999999,NA
2007,Nationwide (States and DC),0.145,0.052000000000000005,0.24600000000000002,0.5479999999999999,NA
2006,"Nationwide (States, DC, and Territories)",0.147,0.051,0.245,0.545,NA
2006,Nationwide (States and DC),0.149,0.051,0.247,0.5429999999999999,NA
2005,"Nationwide (States, DC, and Territories)",0.153,0.052000000000000005,0.244,0.541,NA
2005,Nationwide (States and DC),0.153,0.053,0.248,0.54,NA
2004,"Nationwide (States, DC, and Territories)",0.156,0.054000000000000006,0.24,0.55,NA
2004,Nationwide (States and DC),0.158,0.054000000000000006,0.24100000000000002,0.546,NA
2003,"Nationwide (States, DC, and Territories)",0.16699999999999998,0.051,0.252,0.521,NA
2003,Nationwide (States and DC),0.16899999999999998,0.051,0.252,0.52,NA
2002,"Nationwide (States, DC, and Territories)",0.17800000000000002,0.05,0.244,0.523,NA
2002,Nationwide (States and DC),0.17800000000000002,0.05,0.247,0.52,NA
2001,"Nationwide (States, DC, and Territories)",0.174,0.055999999999999994,0.247,0.518,NA
2001,Nationwide (States and DC),0.174,0.057,0.247,0.513,NA
2000,"Nationwide (States, DC, and Territories)",0.17600000000000002,0.051,0.243,0.526,NA
2000,Nationwide (States and DC),0.177,0.051,0.243,0.523,NA
1999,"Nationwide (States, DC, and Territories)",0.18,0.048,0.24,0.525,NA
1999,Nationwide (States and DC),0.18,0.048,0.24,0.524,NA
1998,Nationwide (States and DC),0.185,0.045,0.243,0.52,NA
1997,"Nationwide (States, DC, and Territories)",0.191,0.043,0.243,0.521,NA
1997,Nationwide (States and DC),0.191,0.043,0.243,0.519,NA
1996,"Nationwide (States, DC, and Territories)",0.195,0.04,0.23800000000000002,0.522,NA
1996,Nationwide (States and DC),0.196,0.04,0.24,0.52,NA
1995,"Nationwide (States, DC, and Territories)",0.19899999999999998,0.026000000000000002,0.253,0.516,NA
1995,Nationwide (States and DC),0.19899999999999998,0.026000000000000002,0.253,0.516,NA
2010,Guam,0.19699999999999998,0.061,0.166,0.5760000000000001,"(13.45, 144.7833)"
2009,Guam,0.18899999999999997,0.052000000000000005,0.111,0.648,"(13.45, 144.7833)"
2010,Virgin Islands,0.036000000000000004,0.022000000000000002,0.105,0.8370000000000001,"(18.3333, -64.8333)"
2009,Virgin Islands,0.039,0.026000000000000002,0.111,0.825,"(18.3333, -64.8333)"
